"","AR","Camber","Re","ARFac","CamberFac","ReFac","speeds","Lengths","ARnumber","Vz","Vzaoa"
"1",3.2290144,0.1,105000,"3.2290144","0.1","105000",15.75,0.178725920677927,1,2.1621191403664,7.2452
"2",3.3038872,0.042264973,105000,"3.3038872","0.042264973","105000",15.75,0.182870129546656,2,1.85905216245852,6.0841
"3",3.3038872,0.1,50151.724,"3.3038872","0.1","50151.724",7.5227586,0.182870129546656,2,2.11835319663352,7.045
"4",3.3038872,0.1,105000,"3.3038872","0.1","105000",15.75,0.182870129546656,2,2.06123725032114,6.3366
"5",3.3038872,0.1,159848.28,"3.3038872","0.1","159848.28",23.977242,0.182870129546656,2,2.24217125035232,8.2277
"6",3.3038872,0.15773503,105000,"3.3038872","0.15773503","105000",15.75,0.182870129546656,2,2.61743847283582,8.7256
"7",3.4221907,0.022540333,105000,"3.4221907","0.022540333","105000",15.75,0.189418227305811,3,1.89559687001186,4.8632
"8",3.4221907,0.042264973,50151.724,"3.4221907","0.042264973","50151.724",7.5227586,0.189418227305811,3,1.81532953186525,5.9893
"9",3.4221907,0.042264973,105000,"3.4221907","0.042264973","105000",15.75,0.189418227305811,3,1.75821031645203,5.4309
"10",3.4221907,0.042264973,159848.28,"3.4221907","0.042264973","159848.28",23.977242,0.189418227305811,3,1.948718989981,7.1301
"11",3.4221907,0.1,31413.316,"3.4221907","0.1","31413.316",4.7119974,0.189418227305811,3,2.05776661899762,6.9226
"12",3.4221907,0.1,50151.724,"3.4221907","0.1","50151.724",7.5227586,0.189418227305811,3,2.00195105720087,6.2487
"13",3.4221907,0.1,105000,"3.4221907","0.1","105000",15.75,0.189418227305811,3,1.98685074438185,5.9524
"14",3.4221907,0.1,159848.28,"3.4221907","0.1","159848.28",23.977242,0.189418227305811,3,2.28541573818397,8.2534
"15",3.4221907,0.1,178586.68,"3.4221907","0.1","178586.68",26.788002,0.189418227305811,3,2.17939717804454,7.9562
"16",3.4221907,0.15773503,50151.724,"3.4221907","0.15773503","50151.724",7.5227586,0.189418227305811,3,2.53563337203446,8.4707
"17",3.4221907,0.15773503,105000,"3.4221907","0.15773503","105000",15.75,0.189418227305811,3,2.5029171459311,8.8415
"18",3.4221907,0.15773503,159848.28,"3.4221907","0.15773503","159848.28",23.977242,0.189418227305811,3,2.63689224957775,7.5444
"19",3.4221907,0.17745967,105000,"3.4221907","0.17745967","105000",15.75,0.189418227305811,3,2.69284249939424,7.5956
"20",3.6248866,0.013886369,105000,"3.6248866","0.013886369","105000",15.75,0.200637443715977,4,2.07093080501177,3.8914
"21",3.6248866,0.022540333,50151.724,"3.6248866","0.022540333","50151.724",7.5227586,0.200637443715977,4,1.8054001174477,4.5107
"22",3.6248866,0.022540333,105000,"3.6248866","0.022540333","105000",15.75,0.200637443715977,4,1.73180251409332,4.2976
"23",3.6248866,0.022540333,159848.28,"3.6248866","0.022540333","159848.28",23.977242,0.200637443715977,4,1.97591565875263,5.3462
"24",3.6248866,0.042264973,31413.316,"3.6248866","0.042264973","31413.316",4.7119974,0.200637443715977,4,1.71136199173233,5.8302
"25",3.6248866,0.042264973,50151.724,"3.6248866","0.042264973","50151.724",7.5227586,0.200637443715977,4,1.65691574748709,5.2887
"26",3.6248866,0.042264973,105000,"3.6248866","0.042264973","105000",15.75,0.200637443715977,4,1.64386801228501,5.1573
"27",3.6248866,0.042264973,159848.28,"3.6248866","0.042264973","159848.28",23.977242,0.200637443715977,4,1.95399634366426,7.4636
"28",3.6248866,0.042264973,178586.68,"3.6248866","0.042264973","178586.68",26.788002,0.200637443715977,4,1.83923142641856,6.8901
"29",3.6248866,0.066001896,105000,"3.6248866","0.066001896","105000",15.75,0.200637443715977,4,1.75773504250295,5.3528
"30",3.6248866,0.1,23192.05,"3.6248866","0.1","23192.05",3.4788075,0.200637443715977,4,1.97113706396413,6.8721
"31",3.6248866,0.1,31413.316,"3.6248866","0.1","31413.316",4.7119974,0.200637443715977,4,1.92146493091974,6.432
"32",3.6248866,0.1,50151.724,"3.6248866","0.1","50151.724",7.5227586,0.200637443715977,4,1.88821760859595,6.0388
"33",3.6248866,0.1,72701.801,"3.6248866","0.1","72701.801",10.90527015,0.200637443715977,4,1.86878931063519,5.6621
"34",3.6248866,0.1,105000,"3.6248866","0.1","105000",15.75,0.200637443715977,4,1.85491083170178,5.3434
"35",3.6248866,0.1,137298.2,"3.6248866","0.1","137298.2",20.59473,0.200637443715977,4,1.85011469230793,5.3765
"36",3.6248866,0.1,159848.28,"3.6248866","0.1","159848.28",23.977242,0.200637443715977,4,2.20771154229523,7.8249
"37",3.6248866,0.1,178586.68,"3.6248866","0.1","178586.68",26.788002,0.200637443715977,4,2.14241366363048,7.7585
"38",3.6248866,0.1,186807.95,"3.6248866","0.1","186807.95",28.0211925,0.200637443715977,4,2.03848603396468,7.444
"39",3.6248866,0.1339981,105000,"3.6248866","0.1339981","105000",15.75,0.200637443715977,4,2.18485947036757,8.1657
"40",3.6248866,0.15773503,31413.316,"3.6248866","0.15773503","31413.316",4.7119974,0.200637443715977,4,2.34722728702267,8.1263
"41",3.6248866,0.15773503,50151.724,"3.6248866","0.15773503","50151.724",7.5227586,0.200637443715977,4,2.31380872099995,8.5148
"42",3.6248866,0.15773503,105000,"3.6248866","0.15773503","105000",15.75,0.200637443715977,4,2.30514676988966,8.6513
"43",3.6248866,0.15773503,159848.28,"3.6248866","0.15773503","159848.28",23.977242,0.200637443715977,4,2.62731206418351,6.4495
"44",3.6248866,0.15773503,178586.68,"3.6248866","0.15773503","178586.68",26.788002,0.200637443715977,4,2.45332307468605,7.078
"45",3.6248866,0.17745967,50151.724,"3.6248866","0.17745967","50151.724",7.5227586,0.200637443715977,4,2.4919679511582,7.139
"46",3.6248866,0.17745967,105000,"3.6248866","0.17745967","105000",15.75,0.200637443715977,4,2.45126552586318,7.5104
"47",3.6248866,0.17745967,159848.28,"3.6248866","0.17745967","159848.28",23.977242,0.200637443715977,4,2.64953621057189,5.8642
"48",3.6248866,0.18611363,105000,"3.6248866","0.18611363","105000",15.75,0.200637443715977,4,2.57304535157864,6.7821
"49",4.014315,0.0093820154,105000,"4.014315","0.0093820154","105000",15.75,0.222192302476635,5,2.18556709895571,4.1942
"50",4.014315,0.013886369,50151.724,"4.014315","0.013886369","50151.724",7.5227586,0.222192302476635,5,1.95834174545731,3.5328
"51",4.014315,0.013886369,105000,"4.014315","0.013886369","105000",15.75,0.222192302476635,5,1.87513964596366,3.302
"52",4.014315,0.013886369,159848.28,"4.014315","0.013886369","159848.28",23.977242,0.222192302476635,5,2.1365438829445,4.5171
"53",4.014315,0.022540333,31413.316,"4.014315","0.022540333","31413.316",4.7119974,0.222192302476635,5,1.6824274557834,4.0605
"54",4.014315,0.022540333,50151.724,"4.014315","0.022540333","50151.724",7.5227586,0.222192302476635,5,1.61096832210184,3.8673
"55",4.014315,0.022540333,105000,"4.014315","0.022540333","105000",15.75,0.222192302476635,5,1.59324906737723,3.7793
"56",4.014315,0.022540333,159848.28,"4.014315","0.022540333","159848.28",23.977242,0.222192302476635,5,1.99854955946055,5.1098
"57",4.014315,0.022540333,178586.68,"4.014315","0.022540333","178586.68",26.788002,0.222192302476635,5,1.84736687346116,4.7999
"58",4.014315,0.042264973,23192.05,"4.014315","0.042264973","23192.05",3.4788075,0.222192302476635,5,1.62646414449538,6.0881
"59",4.014315,0.042264973,31413.316,"4.014315","0.042264973","31413.316",4.7119974,0.222192302476635,5,1.57185908307937,5.6124
"60",4.014315,0.042264973,50151.724,"4.014315","0.042264973","50151.724",7.5227586,0.222192302476635,5,1.53829316214934,5.2872
"61",4.014315,0.042264973,72701.801,"4.014315","0.042264973","72701.801",10.90527015,0.222192302476635,5,1.52098335045135,5.108
"62",4.014315,0.042264973,105000,"4.014315","0.042264973","105000",15.75,0.222192302476635,5,1.50883193828665,4.9792
"63",4.014315,0.042264973,137298.2,"4.014315","0.042264973","137298.2",20.59473,0.222192302476635,5,1.50404882378395,4.9278
"64",4.014315,0.042264973,159848.28,"4.014315","0.042264973","159848.28",23.977242,0.222192302476635,5,1.87545689428456,7.2045
"65",4.014315,0.042264973,178586.68,"4.014315","0.042264973","178586.68",26.788002,0.222192302476635,5,1.80236125976156,6.9763
"66",4.014315,0.042264973,186807.95,"4.014315","0.042264973","186807.95",28.0211925,0.222192302476635,5,1.69261931803074,6.5384
"67",4.014315,0.046153069,105000,"4.014315","0.046153069","105000",15.75,0.222192302476635,5,1.57477773053924,5.6819
"68",4.014315,0.066001896,50151.724,"4.014315","0.066001896","50151.724",7.5227586,0.222192302476635,5,1.60990899116297,4.9996
"69",4.014315,0.066001896,105000,"4.014315","0.066001896","105000",15.75,0.222192302476635,5,1.56368744106655,4.506
"70",4.014315,0.066001896,159848.28,"4.014315","0.066001896","159848.28",23.977242,0.222192302476635,5,1.72054321698904,6.1271
"71",4.014315,0.1,18912.915,"4.014315","0.1","18912.915",2.83693725,0.222192302476635,5,1.78626329979972,6.1716
"72",4.014315,0.1,23192.05,"4.014315","0.1","23192.05",3.4788075,0.222192302476635,5,1.73898521400798,5.6674
"73",4.014315,0.1,31413.316,"4.014315","0.1","31413.316",4.7119974,0.222192302476635,5,2.06275694536041,6.9079
"74",4.014315,0.1,50151.724,"4.014315","0.1","50151.724",7.5227586,0.222192302476635,5,1.70898427194529,5.2234
"75",4.014315,0.1,53845.416,"4.014315","0.1","53845.416",8.0768124,0.222192302476635,5,1.6943576053247,5.0398
"76",4.014315,0.1,72701.801,"4.014315","0.1","72701.801",10.90527015,0.222192302476635,5,1.69172881900781,4.9918
"77",4.014315,0.1,105000,"4.014315","0.1","105000",15.75,0.222192302476635,5,1.6793690342092,4.7984
"78",4.014315,0.1,137298.2,"4.014315","0.1","137298.2",20.59473,0.222192302476635,5,1.67439709867201,4.7349
"79",4.014315,0.1,156154.58,"4.014315","0.1","156154.58",23.423187,0.222192302476635,5,1.67223168971985,4.7448
"80",4.014315,0.1,159848.28,"4.014315","0.1","159848.28",23.977242,0.222192302476635,5,2.01730608694941,6.9495
"81",4.014315,0.1,178586.68,"4.014315","0.1","178586.68",26.788002,0.222192302476635,5,1.95230949601403,7.0555
"82",4.014315,0.1,186807.95,"4.014315","0.1","186807.95",28.0211925,0.222192302476635,5,1.85078515894333,6.8183
"83",4.014315,0.1,191087.09,"4.014315","0.1","191087.09",28.6630635,0.222192302476635,5,1.837636382838,6.6861
"84",4.014315,0.1339981,50151.724,"4.014315","0.1339981","50151.724",7.5227586,0.222192302476635,5,1.96623747267196,7.5305
"85",4.014315,0.1339981,105000,"4.014315","0.1339981","105000",15.75,0.222192302476635,5,1.91487891370627,7.1302
"86",4.014315,0.1339981,159848.28,"4.014315","0.1339981","159848.28",23.977242,0.222192302476635,5,2.06453200262698,7.3086
"87",4.014315,0.15384693,105000,"4.014315","0.15384693","105000",15.75,0.222192302476635,5,2.08433343401536,7.4953
"88",4.014315,0.15773503,23192.05,"4.014315","0.15773503","23192.05",3.4788075,0.222192302476635,5,2.15113484952975,6.9257
"89",4.014315,0.15773503,31413.316,"4.014315","0.15773503","31413.316",4.7119974,0.222192302476635,5,2.10704677867046,7.4274
"90",4.014315,0.15773503,50151.724,"4.014315","0.15773503","50151.724",7.5227586,0.222192302476635,5,2.08395020102714,7.6717
"91",4.014315,0.15773503,72701.801,"4.014315","0.15773503","72701.801",10.90527015,0.222192302476635,5,2.07267979278043,7.8329
"92",4.014315,0.15773503,105000,"4.014315","0.15773503","105000",15.75,0.222192302476635,5,2.06400689672504,7.894
"93",4.014315,0.15773503,137298.2,"4.014315","0.15773503","137298.2",20.59473,0.222192302476635,5,2.06008214303904,7.9189
"94",4.014315,0.15773503,159848.28,"4.014315","0.15773503","159848.28",23.977242,0.222192302476635,5,2.53715090643899,5.3556
"95",4.014315,0.15773503,178586.68,"4.014315","0.15773503","178586.68",26.788002,0.222192302476635,5,2.39287860314934,5.6544
"96",4.014315,0.15773503,186807.95,"4.014315","0.15773503","186807.95",28.0211925,0.222192302476635,5,2.21776503244588,6.2768
"97",4.014315,0.17745967,31413.316,"4.014315","0.17745967","31413.316",4.7119974,0.222192302476635,5,2.22967517551301,6.382
"98",4.014315,0.17745967,50151.724,"4.014315","0.17745967","50151.724",7.5227586,0.222192302476635,5,2.18841282849173,6.967
"99",4.014315,0.17745967,105000,"4.014315","0.17745967","105000",15.75,0.222192302476635,5,2.18039116299993,7.0886
"100",4.014315,0.17745967,159848.28,"4.014315","0.17745967","159848.28",23.977242,0.222192302476635,5,2.60027270847577,4.813
"101",4.014315,0.17745967,178586.68,"4.014315","0.17745967","178586.68",26.788002,0.222192302476635,5,2.39747311323602,5.0637
"102",4.014315,0.18611363,50151.724,"4.014315","0.18611363","50151.724",7.5227586,0.222192302476635,5,2.29915007896941,5.8093
"103",4.014315,0.18611363,105000,"4.014315","0.18611363","105000",15.75,0.222192302476635,5,2.24814335446126,6.534
"104",4.014315,0.18611363,159848.28,"4.014315","0.18611363","159848.28",23.977242,0.222192302476635,5,2.50117947372661,4.6906
"105",4.014315,0.19061798,105000,"4.014315","0.19061798","105000",15.75,0.222192302476635,5,2.33600413155037,5.4037
"106",4.1631097,0.1,105000,"4.1631097","0.1","105000",15.75,0.230428087906857,6,1.68397039051373,5.526
"107",4.5245578,0.042264973,105000,"4.5245578","0.042264973","105000",15.75,0.25043423729095,7,1.42257812811131,5.351
"108",4.5245578,0.1,50151.724,"4.5245578","0.1","50151.724",7.5227586,0.25043423729095,7,1.55277450423179,4.9831
"109",4.5245578,0.1,105000,"4.5245578","0.1","105000",15.75,0.25043423729095,7,1.51080725203444,4.4192
"110",4.5245578,0.1,159848.28,"4.5245578","0.1","159848.28",23.977242,0.25043423729095,7,1.6589374419171,6.0664
"111",4.5245578,0.15773503,105000,"4.5245578","0.15773503","105000",15.75,0.25043423729095,7,1.860581681526,6.6036
"112",4.9019238,0.0067530486,105000,"4.9019238","0.0067530486","105000",15.75,0.271321442310087,8,2.12033968420224,4.0709
"113",4.9019238,0.0093820154,50151.724,"4.9019238","0.0093820154","50151.724",7.5227586,0.271321442310087,8,1.99142654445562,3.7115
"114",4.9019238,0.0093820154,105000,"4.9019238","0.0093820154","105000",15.75,0.271321442310087,8,1.91551381739031,3.2774
"115",4.9019238,0.0093820154,159848.28,"4.9019238","0.0093820154","159848.28",23.977242,0.271321442310087,8,2.13747916027861,4.6123
"116",4.9019238,0.013886369,31413.316,"4.9019238","0.013886369","31413.316",4.7119974,0.271321442310087,8,1.76763041313018,2.8996
"117",4.9019238,0.013886369,50151.724,"4.9019238","0.013886369","50151.724",7.5227586,0.271321442310087,8,1.68900132442908,2.6885
"118",4.9019238,0.013886369,105000,"4.9019238","0.013886369","105000",15.75,0.271321442310087,8,1.6689653142363,2.6264
"119",4.9019238,0.013886369,159848.28,"4.9019238","0.013886369","159848.28",23.977242,0.271321442310087,8,2.05102610872035,4.7182
"120",4.9019238,0.013886369,178586.68,"4.9019238","0.013886369","178586.68",26.788002,0.271321442310087,8,1.93264814114436,3.9588
"121",4.9019238,0.022540333,23192.05,"4.9019238","0.022540333","23192.05",3.4788075,0.271321442310087,8,1.54682185463448,3.5218
"122",4.9019238,0.022540333,31413.316,"4.9019238","0.022540333","31413.316",4.7119974,0.271321442310087,8,1.47362862278293,3.2758
"123",4.9019238,0.022540333,50151.724,"4.9019238","0.022540333","50151.724",7.5227586,0.271321442310087,8,1.42969116703713,3.1731
"124",4.9019238,0.022540333,72701.801,"4.9019238","0.022540333","72701.801",10.90527015,0.271321442310087,8,1.40592447912061,3.1036
"125",4.9019238,0.022540333,105000,"4.9019238","0.022540333","105000",15.75,0.271321442310087,8,1.38955454550819,3.0357
"126",4.9019238,0.022540333,137298.2,"4.9019238","0.022540333","137298.2",20.59473,0.271321442310087,8,1.38279079636308,3.0173
"127",4.9019238,0.022540333,159848.28,"4.9019238","0.022540333","159848.28",23.977242,0.271321442310087,8,1.87337989887983,4.3482
"128",4.9019238,0.022540333,178586.68,"4.9019238","0.022540333","178586.68",26.788002,0.271321442310087,8,1.77531340852101,4.1649
"129",4.9019238,0.022540333,186807.95,"4.9019238","0.022540333","186807.95",28.0211925,0.271321442310087,8,1.63002797734982,3.8792
"130",4.9019238,0.033879061,105000,"4.9019238","0.033879061","105000",15.75,0.271321442310087,8,1.34462070595347,4.5338
"131",4.9019238,0.042264973,18912.915,"4.9019238","0.042264973","18912.915",2.83693725,0.271321442310087,8,1.37974912165761,5.4806
"132",4.9019238,0.042264973,23192.05,"4.9019238","0.042264973","23192.05",3.4788075,0.271321442310087,8,1.33036307499918,5.1503
"133",4.9019238,0.042264973,31413.316,"4.9019238","0.042264973","31413.316",4.7119974,0.271321442310087,8,1.67615833381342,6.4213
"134",4.9019238,0.042264973,53845.416,"4.9019238","0.042264973","53845.416",8.0768124,0.271321442310087,8,1.30032883063888,4.9164
"135",4.9019238,0.042264973,72701.801,"4.9019238","0.042264973","72701.801",10.90527015,0.271321442310087,8,1.28734105735,4.8074
"136",4.9019238,0.042264973,105000,"4.9019238","0.042264973","105000",15.75,0.271321442310087,8,1.27424050733587,4.6884
"137",4.9019238,0.042264973,137298.2,"4.9019238","0.042264973","137298.2",20.59473,0.271321442310087,8,1.27002543717928,4.6489
"138",4.9019238,0.042264973,156154.58,"4.9019238","0.042264973","156154.58",23.423187,0.271321442310087,8,1.26789769755606,4.629
"139",4.9019238,0.042264973,178586.68,"4.9019238","0.042264973","178586.68",26.788002,0.271321442310087,8,1.61237670504515,6.2902
"140",4.9019238,0.042264973,186807.95,"4.9019238","0.042264973","186807.95",28.0211925,0.271321442310087,8,1.54333870151044,6.1114
"141",4.9019238,0.042264973,191087.09,"4.9019238","0.042264973","191087.09",28.6630635,0.271321442310087,8,1.42838765773,5.7285
"142",4.9019238,0.046153069,50151.724,"4.9019238","0.046153069","50151.724",7.5227586,0.271321442310087,8,1.33097720573533,5.3505
"143",4.9019238,0.046153069,105000,"4.9019238","0.046153069","105000",15.75,0.271321442310087,8,1.28691453899009,4.8844
"144",4.9019238,0.046153069,159848.28,"4.9019238","0.046153069","159848.28",23.977242,0.271321442310087,8,1.43638761057093,6.1633
"145",4.9019238,0.066001896,31413.316,"4.9019238","0.066001896","31413.316",4.7119974,0.271321442310087,8,1.35246304821416,4.564
"146",4.9019238,0.066001896,50151.724,"4.9019238","0.066001896","50151.724",7.5227586,0.271321442310087,8,1.31119005512165,4.0664
"147",4.9019238,0.066001896,105000,"4.9019238","0.066001896","105000",15.75,0.271321442310087,8,1.30127604264125,3.9334
"148",4.9019238,0.066001896,159848.28,"4.9019238","0.066001896","159848.28",23.977242,0.271321442310087,8,1.54041374583464,6.3354
"149",4.9019238,0.066001896,178586.68,"4.9019238","0.066001896","178586.68",26.788002,0.271321442310087,8,1.450542782396,5.6909
"150",4.9019238,0.076138081,105000,"4.9019238","0.076138081","105000",15.75,0.271321442310087,8,1.37217164782508,4.3575
"151",4.9019238,0.1,16415.396,"4.9019238","0.1","16415.396",2.4623094,0.271321442310087,8,1.48349322254593,5.0693
"152",4.9019238,0.1,18912.915,"4.9019238","0.1","18912.915",2.83693725,0.271321442310087,8,1.46768553145012,4.9165
"153",4.9019238,0.1,23192.05,"4.9019238","0.1","23192.05",3.4788075,0.271321442310087,8,1.43988680894918,4.6312
"154",4.9019238,0.1,31413.316,"4.9019238","0.1","31413.316",4.7119974,0.271321442310087,8,1.4208552771438,4.4537
"155",4.9019238,0.1,42185.108,"4.9019238","0.1","42185.108",6.3277662,0.271321442310087,8,1.78157068048305,5.7722
"156",4.9019238,0.1,50151.724,"4.9019238","0.1","50151.724",7.5227586,0.271321442310087,8,1.7497425405694,5.7032
"157",4.9019238,0.1,53845.416,"4.9019238","0.1","53845.416",8.0768124,0.271321442310087,8,1.41416400801036,4.3695
"158",4.9019238,0.1,72701.801,"4.9019238","0.1","72701.801",10.90527015,0.271321442310087,8,1.4027003279123,4.0956
"159",4.9019238,0.1,82331.177,"4.9019238","0.1","82331.177",12.34967655,0.271321442310087,8,1.40044454868636,4.0344
"160",4.9019238,0.1,105000,"4.9019238","0.1","105000",15.75,0.271321442310087,8,1.39576712789929,3.9703
"161",4.9019238,0.1,127668.82,"4.9019238","0.1","127668.82",19.150323,0.271321442310087,8,1.39020024894006,3.9289
"162",4.9019238,0.1,137298.2,"4.9019238","0.1","137298.2",20.59473,0.271321442310087,8,1.38613933950893,3.8536
"163",4.9019238,0.1,156154.58,"4.9019238","0.1","156154.58",23.423187,0.271321442310087,8,1.38406612804751,3.82
"164",4.9019238,0.1,159848.28,"4.9019238","0.1","159848.28",23.977242,0.271321442310087,8,1.38283128757224,3.801
"165",4.9019238,0.1,167814.89,"4.9019238","0.1","167814.89",25.1722335,0.271321442310087,8,1.70328152742596,6.0279
"166",4.9019238,0.1,178586.68,"4.9019238","0.1","178586.68",26.788002,0.271321442310087,8,1.63789425351191,5.9668
"167",4.9019238,0.1,186807.95,"4.9019238","0.1","186807.95",28.0211925,0.271321442310087,8,1.57346342674088,6.0086
"168",4.9019238,0.1,191087.09,"4.9019238","0.1","191087.09",28.6630635,0.271321442310087,8,1.54154059468485,5.8101
"169",4.9019238,0.1,193584.6,"4.9019238","0.1","193584.6",29.03769,0.271321442310087,8,1.52994279745765,5.6318
"170",4.9019238,0.12386192,105000,"4.9019238","0.12386192","105000",15.75,0.271321442310087,8,1.54892441050368,6.1858
"171",4.9019238,0.1339981,31413.316,"4.9019238","0.1339981","31413.316",4.7119974,0.271321442310087,8,1.60310277983238,6.5074
"172",4.9019238,0.1339981,50151.724,"4.9019238","0.1339981","50151.724",7.5227586,0.271321442310087,8,1.55601854110812,6.1093
"173",4.9019238,0.1339981,105000,"4.9019238","0.1339981","105000",15.75,0.271321442310087,8,1.54382556292828,5.9305
"174",4.9019238,0.1339981,159848.28,"4.9019238","0.1339981","159848.28",23.977242,0.271321442310087,8,1.84954047970496,4.068
"175",4.9019238,0.1339981,178586.68,"4.9019238","0.1339981","178586.68",26.788002,0.271321442310087,8,1.70190665926846,6.1414
"176",4.9019238,0.15384693,50151.724,"4.9019238","0.15384693","50151.724",7.5227586,0.271321442310087,8,1.69819734148639,6.211
"177",4.9019238,0.15384693,105000,"4.9019238","0.15384693","105000",15.75,0.271321442310087,8,1.66165983657354,6.4191
"178",4.9019238,0.15384693,159848.28,"4.9019238","0.15384693","159848.28",23.977242,0.271321442310087,8,1.81019522985539,5.0592
"179",4.9019238,0.15773503,18912.915,"4.9019238","0.15773503","18912.915",2.83693725,0.271321442310087,8,1.76323455231562,5.5199
"180",4.9019238,0.15773503,23192.05,"4.9019238","0.15773503","23192.05",3.4788075,0.271321442310087,8,1.71541698466208,6.1046
"181",4.9019238,0.15773503,31413.316,"4.9019238","0.15773503","31413.316",4.7119974,0.271321442310087,8,2.33763558386557,3.8349
"182",4.9019238,0.15773503,53845.416,"4.9019238","0.15773503","53845.416",8.0768124,0.271321442310087,8,1.69112222734856,6.3002
"183",4.9019238,0.15773503,72701.801,"4.9019238","0.15773503","72701.801",10.90527015,0.271321442310087,8,1.68113827920324,6.3513
"184",4.9019238,0.15773503,105000,"4.9019238","0.15773503","105000",15.75,0.271321442310087,8,1.6703526915733,6.3841
"185",4.9019238,0.15773503,137298.2,"4.9019238","0.15773503","137298.2",20.59473,0.271321442310087,8,1.66650370279812,6.4079
"186",4.9019238,0.15773503,156154.58,"4.9019238","0.15773503","156154.58",23.423187,0.271321442310087,8,1.6645699149574,6.4415
"187",4.9019238,0.15773503,178586.68,"4.9019238","0.15773503","178586.68",26.788002,0.271321442310087,8,2.15575579988053,3.9819
"188",4.9019238,0.15773503,186807.95,"4.9019238","0.15773503","186807.95",28.0211925,0.271321442310087,8,2.01118174321144,4.2693
"189",4.9019238,0.15773503,191087.09,"4.9019238","0.15773503","191087.09",28.6630635,0.271321442310087,8,1.82029888528375,4.8711
"190",4.9019238,0.16612094,105000,"4.9019238","0.16612094","105000",15.75,0.271321442310087,8,1.75653021203575,5.7578
"191",4.9019238,0.17745967,23192.05,"4.9019238","0.17745967","23192.05",3.4788075,0.271321442310087,8,1.88829622441233,4.2125
"192",4.9019238,0.17745967,31413.316,"4.9019238","0.17745967","31413.316",4.7119974,0.271321442310087,8,1.81816204564386,4.9838
"193",4.9019238,0.17745967,50151.724,"4.9019238","0.17745967","50151.724",7.5227586,0.271321442310087,8,1.78492259635638,5.5792
"194",4.9019238,0.17745967,72701.801,"4.9019238","0.17745967","72701.801",10.90527015,0.271321442310087,8,1.77180086497237,5.8304
"195",4.9019238,0.17745967,105000,"4.9019238","0.17745967","105000",15.75,0.271321442310087,8,1.7634416708797,5.9933
"196",4.9019238,0.17745967,137298.2,"4.9019238","0.17745967","137298.2",20.59473,0.271321442310087,8,1.76030840825418,6.0582
"197",4.9019238,0.17745967,159848.28,"4.9019238","0.17745967","159848.28",23.977242,0.271321442310087,8,2.35542033639376,3.2824
"198",4.9019238,0.17745967,178586.68,"4.9019238","0.17745967","178586.68",26.788002,0.271321442310087,8,2.19851211160652,3.2664
"199",4.9019238,0.17745967,186807.95,"4.9019238","0.17745967","186807.95",28.0211925,0.271321442310087,8,1.99568974525938,3.5947
"200",4.9019238,0.18611363,31413.316,"4.9019238","0.18611363","31413.316",4.7119974,0.271321442310087,8,1.87953556182867,4.3015
"201",4.9019238,0.18611363,50151.724,"4.9019238","0.18611363","50151.724",7.5227586,0.271321442310087,8,1.82205277565156,5.3141
"202",4.9019238,0.18611363,105000,"4.9019238","0.18611363","105000",15.75,0.271321442310087,8,1.81226884114663,5.5512
"203",4.9019238,0.18611363,159848.28,"4.9019238","0.18611363","159848.28",23.977242,0.271321442310087,8,2.27214742043222,2.6154
"204",4.9019238,0.18611363,178586.68,"4.9019238","0.18611363","178586.68",26.788002,0.271321442310087,8,2.08944952178242,3.1636
"205",4.9019238,0.19061798,50151.724,"4.9019238","0.19061798","50151.724",7.5227586,0.271321442310087,8,1.91376392447887,3.8917
"206",4.9019238,0.19061798,105000,"4.9019238","0.19061798","105000",15.75,0.271321442310087,8,1.85013567334076,4.971
"207",4.9019238,0.19061798,159848.28,"4.9019238","0.19061798","159848.28",23.977242,0.271321442310087,8,2.13705279524504,2.9632
"208",4.9019238,0.19324695,105000,"4.9019238","0.19324695","105000",15.75,0.271321442310087,8,1.93526348036683,3.6952
"209",5.0768881,0.022540333,105000,"5.0768881","0.022540333","105000",15.75,0.281005714886657,9,1.43793361833692,3.1446
"210",5.0768881,0.042264973,50151.724,"5.0768881","0.042264973","50151.724",7.5227586,0.281005714886657,9,1.28937259378687,5.052
"211",5.0768881,0.042264973,105000,"5.0768881","0.042264973","105000",15.75,0.281005714886657,9,1.24480886917938,4.7109
"212",5.0768881,0.042264973,159848.28,"5.0768881","0.042264973","159848.28",23.977242,0.281005714886657,9,1.45369585446279,5.8368
"213",5.0768881,0.1,31413.316,"5.0768881","0.1","31413.316",4.7119974,0.281005714886657,9,1.39003683900035,4.456
"214",5.0768881,0.1,50151.724,"5.0768881","0.1","50151.724",7.5227586,0.281005714886657,9,1.35156702639695,3.9324
"215",5.0768881,0.1,105000,"5.0768881","0.1","105000",15.75,0.281005714886657,9,1.34160267958057,3.7781
"216",5.0768881,0.1,159848.28,"5.0768881","0.1","159848.28",23.977242,0.281005714886657,9,1.58539403208269,5.7428
"217",5.0768881,0.1,178586.68,"5.0768881","0.1","178586.68",26.788002,0.281005714886657,9,1.48979851055932,5.6621
"218",5.0768881,0.15773503,50151.724,"5.0768881","0.15773503","50151.724",7.5227586,0.281005714886657,9,1.65224958399082,5.8805
"219",5.0768881,0.15773503,105000,"5.0768881","0.15773503","105000",15.75,0.281005714886657,9,1.61584018127999,6.1485
"220",5.0768881,0.15773503,159848.28,"5.0768881","0.15773503","159848.28",23.977242,0.281005714886657,9,1.77260942696483,4.5136
"221",5.0768881,0.17745967,105000,"5.0768881","0.17745967","105000",15.75,0.281005714886657,9,1.75267626882401,4.7287
"222",5.6736968,0.1,105000,"5.6736968","0.1","105000",15.75,0.314039071559237,10,1.25568337899893,4.0325
"223",5.9700853,0.013886369,105000,"5.9700853","0.013886369","105000",15.75,0.330444172614485,11,1.61419848035878,2.4146
"224",5.9700853,0.022540333,50151.724,"5.9700853","0.022540333","50151.724",7.5227586,0.330444172614485,11,1.30460726226484,2.6427
"225",5.9700853,0.022540333,105000,"5.9700853","0.022540333","105000",15.75,0.330444172614485,11,1.24036982431311,2.4828
"226",5.9700853,0.022540333,159848.28,"5.9700853","0.022540333","159848.28",23.977242,0.330444172614485,11,1.45540356095482,3.1549
"227",5.9700853,0.042264973,31413.316,"5.9700853","0.042264973","31413.316",4.7119974,0.330444172614485,11,1.13354893023744,4.6223
"228",5.9700853,0.042264973,50151.724,"5.9700853","0.042264973","50151.724",7.5227586,0.330444172614485,11,1.09187646420886,4.337
"229",5.9700853,0.042264973,105000,"5.9700853","0.042264973","105000",15.75,0.330444172614485,11,1.0821055264841,4.264
"230",5.9700853,0.042264973,159848.28,"5.9700853","0.042264973","159848.28",23.977242,0.330444172614485,11,1.33359715044697,5.4
"231",5.9700853,0.042264973,178586.68,"5.9700853","0.042264973","178586.68",26.788002,0.330444172614485,11,1.23579216319175,5.1394
"232",5.9700853,0.066001896,105000,"5.9700853","0.066001896","105000",15.75,0.330444172614485,11,1.1428441960069,4.3674
"233",5.9700853,0.1,23192.05,"5.9700853","0.1","23192.05",3.4788075,0.330444172614485,11,1.24216918493636,4.3976
"234",5.9700853,0.1,31413.316,"5.9700853","0.1","31413.316",4.7119974,0.330444172614485,11,1.20194760817687,3.8837
"235",5.9700853,0.1,50151.724,"5.9700853","0.1","50151.724",7.5227586,0.330444172614485,11,1.17791358779952,3.5615
"236",5.9700853,0.1,72701.801,"5.9700853","0.1","72701.801",10.90527015,0.330444172614485,11,1.16588167414008,3.4277
"237",5.9700853,0.1,105000,"5.9700853","0.1","105000",15.75,0.330444172614485,11,1.15751669211437,3.3005
"238",5.9700853,0.1,137298.2,"5.9700853","0.1","137298.2",20.59473,0.330444172614485,11,1.1541117558365,3.2291
"239",5.9700853,0.1,159848.28,"5.9700853","0.1","159848.28",23.977242,0.330444172614485,11,1.42797627502442,5.6742
"240",5.9700853,0.1,178586.68,"5.9700853","0.1","178586.68",26.788002,0.330444172614485,11,1.37293192212698,5.741
"241",5.9700853,0.1,186807.95,"5.9700853","0.1","186807.95",28.0211925,0.330444172614485,11,1.29293377162537,5.2112
"242",5.9700853,0.1339981,105000,"5.9700853","0.1339981","105000",15.75,0.330444172614485,11,1.32208981119782,5.67
"243",5.9700853,0.15773503,31413.316,"5.9700853","0.15773503","31413.316",4.7119974,0.330444172614485,11,1.41666877779669,5.0392
"244",5.9700853,0.15773503,50151.724,"5.9700853","0.15773503","50151.724",7.5227586,0.330444172614485,11,1.37898180440665,5.3919
"245",5.9700853,0.15773503,105000,"5.9700853","0.15773503","105000",15.75,0.330444172614485,11,1.37005267809667,5.3839
"246",5.9700853,0.15773503,159848.28,"5.9700853","0.15773503","159848.28",23.977242,0.330444172614485,11,1.71901152062164,3.1088
"247",5.9700853,0.15773503,178586.68,"5.9700853","0.15773503","178586.68",26.788002,0.330444172614485,11,1.54261179965367,3.5049
"248",5.9700853,0.17745967,50151.724,"5.9700853","0.17745967","50151.724",7.5227586,0.330444172614485,11,1.50949955364284,3.7384
"249",5.9700853,0.17745967,105000,"5.9700853","0.17745967","105000",15.75,0.330444172614485,11,1.45838927764235,4.6594
"250",5.9700853,0.17745967,159848.28,"5.9700853","0.17745967","159848.28",23.977242,0.330444172614485,11,1.69228925032939,2.3315
"251",5.9700853,0.18611363,105000,"5.9700853","0.18611363","105000",15.75,0.330444172614485,11,1.56696383551744,3.0786
"252",6.4262137,0.042264973,105000,"6.4262137","0.042264973","105000",15.75,0.355690875830596,12,1.06647429175952,4.4384
"253",6.4262137,0.1,50151.724,"6.4262137","0.1","50151.724",7.5227586,0.355690875830596,12,1.12237275660086,3.7
"254",6.4262137,0.1,105000,"6.4262137","0.1","105000",15.75,0.355690875830596,12,1.08744523171536,3.1864
"255",6.4262137,0.1,159848.28,"6.4262137","0.1","159848.28",23.977242,0.355690875830596,12,1.20943691023166,5.0052
"256",6.4262137,0.15773503,105000,"6.4262137","0.15773503","105000",15.75,0.355690875830596,12,1.31794041101011,4.6933
"257",7.5,0.0050892088,105000,"7.5","0.0050892088","105000",15.75,0.415124938769072,13,1.88412495195655,3.522
"258",7.5,0.0067530486,50151.724,"7.5","0.0067530486","50151.724",7.5227586,0.415124938769072,13,1.80763880317532,3.1191
"259",7.5,0.0067530486,105000,"7.5","0.0067530486","105000",15.75,0.415124938769072,13,1.74524552966419,2.9544
"260",7.5,0.0067530486,159848.28,"7.5","0.0067530486","159848.28",23.977242,0.415124938769072,13,1.92402756564319,3.9266
"261",7.5,0.0093820154,31413.316,"7.5","0.0093820154","31413.316",4.7119974,0.415124938769072,13,1.68191154612242,2.8741
"262",7.5,0.0093820154,50151.724,"7.5","0.0093820154","50151.724",7.5227586,0.415124938769072,13,1.61952766564246,2.497
"263",7.5,0.0093820154,105000,"7.5","0.0093820154","105000",15.75,0.415124938769072,13,1.6035276072431,2.3482
"264",7.5,0.0093820154,159848.28,"7.5","0.0093820154","159848.28",23.977242,0.415124938769072,13,1.89418152303824,4.0562
"265",7.5,0.0093820154,178586.68,"7.5","0.0093820154","178586.68",26.788002,0.415124938769072,13,1.80799157258417,3.5827
"266",7.5,0.013886369,23192.05,"7.5","0.013886369","23192.05",3.4788075,0.415124938769072,13,1.54234135178949,2.4333
"267",7.5,0.013886369,31413.316,"7.5","0.013886369","31413.316",4.7119974,0.415124938769072,13,1.47080107141058,1.9652
"268",7.5,0.013886369,50151.724,"7.5","0.013886369","50151.724",7.5227586,0.415124938769072,13,1.42462057485836,1.8667
"269",7.5,0.013886369,72701.801,"7.5","0.013886369","72701.801",10.90527015,0.415124938769072,13,1.39884554102507,1.717
"270",7.5,0.013886369,105000,"7.5","0.013886369","105000",15.75,0.415124938769072,13,1.37963427567451,1.6668
"271",7.5,0.013886369,137298.2,"7.5","0.013886369","137298.2",20.59473,0.415124938769072,13,1.37169337452076,1.5934
"272",7.5,0.013886369,159848.28,"7.5","0.013886369","159848.28",23.977242,0.415124938769072,13,1.78147459453522,4.2
"273",7.5,0.013886369,178586.68,"7.5","0.013886369","178586.68",26.788002,0.415124938769072,13,1.71342193107123,3.6319
"274",7.5,0.013886369,186807.95,"7.5","0.013886369","186807.95",28.0211925,0.415124938769072,13,1.61324396022334,2.9921
"275",7.5,0.022540333,18912.915,"7.5","0.022540333","18912.915",2.83693725,0.415124938769072,13,1.21478947382496,2.2199
"276",7.5,0.022540333,23192.05,"7.5","0.022540333","23192.05",3.4788075,0.415124938769072,13,1.14662224390143,2.0755
"277",7.5,0.022540333,31413.316,"7.5","0.022540333","31413.316",4.7119974,0.415124938769072,13,1.60327545203346,3.2009
"278",7.5,0.022540333,50151.724,"7.5","0.022540333","50151.724",7.5227586,0.415124938769072,13,1.10695536812912,1.9859
"279",7.5,0.022540333,53845.416,"7.5","0.022540333","53845.416",8.0768124,0.415124938769072,13,1.089437180606,1.9272
"280",7.5,0.022540333,72701.801,"7.5","0.022540333","72701.801",10.90527015,0.415124938769072,13,1.08555551588873,1.9348
"281",7.5,0.022540333,105000,"7.5","0.022540333","105000",15.75,0.415124938769072,13,1.07008738038587,1.9129
"282",7.5,0.022540333,137298.2,"7.5","0.022540333","137298.2",20.59473,0.415124938769072,13,1.06356093233373,1.9114
"283",7.5,0.022540333,156154.58,"7.5","0.022540333","156154.58",23.423187,0.415124938769072,13,1.06024541235583,1.9127
"284",7.5,0.022540333,159848.28,"7.5","0.022540333","159848.28",23.977242,0.415124938769072,13,1.52151978419006,2.932
"285",7.5,0.022540333,178586.68,"7.5","0.022540333","178586.68",26.788002,0.415124938769072,13,1.42862503013641,2.7484
"286",7.5,0.022540333,186807.95,"7.5","0.022540333","186807.95",28.0211925,0.415124938769072,13,1.29222460118641,2.4951
"287",7.5,0.022540333,191087.09,"7.5","0.022540333","191087.09",28.6630635,0.415124938769072,13,1.2770733852651,2.4479
"288",7.5,0.025846881,105000,"7.5","0.025846881","105000",15.75,0.415124938769072,13,1.10450975907632,2.314
"289",7.5,0.033879061,50151.724,"7.5","0.033879061","50151.724",7.5227586,0.415124938769072,13,0.981828973235202,3.3963
"290",7.5,0.033879061,105000,"7.5","0.033879061","105000",15.75,0.415124938769072,13,0.939398224832762,3.2271
"291",7.5,0.033879061,159848.28,"7.5","0.033879061","159848.28",23.977242,0.415124938769072,13,1.0877672201015,3.9422
"292",7.5,0.042264973,16415.396,"7.5","0.042264973","16415.396",2.4623094,0.415124938769072,13,0.99130353063031,4.3441
"293",7.5,0.042264973,18912.915,"7.5","0.042264973","18912.915",2.83693725,0.415124938769072,13,0.975948969677324,4.2643
"294",7.5,0.042264973,23192.05,"7.5","0.042264973","23192.05",3.4788075,0.415124938769072,13,0.949112374094017,4.1037
"295",7.5,0.042264973,31413.316,"7.5","0.042264973","31413.316",4.7119974,0.415124938769072,13,0.930336646521718,3.9873
"296",7.5,0.042264973,42185.108,"7.5","0.042264973","42185.108",6.3277662,0.415124938769072,13,1.30095994661611,4.8576
"297",7.5,0.042264973,50151.724,"7.5","0.042264973","50151.724",7.5227586,0.415124938769072,13,1.26083187714946,4.8334
"298",7.5,0.042264973,53845.416,"7.5","0.042264973","53845.416",8.0768124,0.415124938769072,13,0.923685887495303,3.9432
"299",7.5,0.042264973,72701.801,"7.5","0.042264973","72701.801",10.90527015,0.415124938769072,13,0.912766698232945,3.8703
"300",7.5,0.042264973,82331.177,"7.5","0.042264973","82331.177",12.34967655,0.415124938769072,13,0.910786284692189,3.8566
"301",7.5,0.042264973,105000,"7.5","0.042264973","105000",15.75,0.415124938769072,13,0.906774983483908,3.823
"302",7.5,0.042264973,127668.82,"7.5","0.042264973","127668.82",19.150323,0.415124938769072,13,0.90186592359077,3.7876
"303",7.5,0.042264973,137298.2,"7.5","0.042264973","137298.2",20.59473,0.415124938769072,13,0.898372483166836,3.762
"304",7.5,0.042264973,156154.58,"7.5","0.042264973","156154.58",23.423187,0.415124938769072,13,0.896609924377404,3.749
"305",7.5,0.042264973,159848.28,"7.5","0.042264973","159848.28",23.977242,0.415124938769072,13,0.895573131568759,3.7413
"306",7.5,0.042264973,167814.89,"7.5","0.042264973","167814.89",25.1722335,0.415124938769072,13,1.20096463902438,4.7926
"307",7.5,0.042264973,178586.68,"7.5","0.042264973","178586.68",26.788002,0.415124938769072,13,1.13727209680191,4.725
"308",7.5,0.042264973,186807.95,"7.5","0.042264973","186807.95",28.0211925,0.415124938769072,13,1.07480070230462,4.6319
"309",7.5,0.042264973,191087.09,"7.5","0.042264973","191087.09",28.6630635,0.415124938769072,13,1.0443027738217,4.5471
"310",7.5,0.042264973,193584.6,"7.5","0.042264973","193584.6",29.03769,0.415124938769072,13,1.03383732868961,4.5079
"311",7.5,0.046153069,31413.316,"7.5","0.046153069","31413.316",4.7119974,0.415124938769072,13,0.943142218646242,4.5667
"312",7.5,0.046153069,50151.724,"7.5","0.046153069","50151.724",7.5227586,0.415124938769072,13,0.906643428479122,4.3252
"313",7.5,0.046153069,105000,"7.5","0.046153069","105000",15.75,0.415124938769072,13,0.898203201935436,4.2603
"314",7.5,0.046153069,159848.28,"7.5","0.046153069","159848.28",23.977242,0.415124938769072,13,1.12326887940397,5.1067
"315",7.5,0.046153069,178586.68,"7.5","0.046153069","178586.68",26.788002,0.415124938769072,13,1.03382095964459,4.9707
"316",7.5,0.059415485,105000,"7.5","0.059415485","105000",15.75,0.415124938769072,13,0.941615580307506,4.8
"317",7.5,0.066001896,23192.05,"7.5","0.066001896","23192.05",3.4788075,0.415124938769072,13,0.980078476763003,4.7549
"318",7.5,0.066001896,31413.316,"7.5","0.066001896","31413.316",4.7119974,0.415124938769072,13,0.945054261238408,4.3125
"319",7.5,0.066001896,50151.724,"7.5","0.066001896","50151.724",7.5227586,0.415124938769072,13,0.923735699587285,4.0025
"320",7.5,0.066001896,72701.801,"7.5","0.066001896","72701.801",10.90527015,0.415124938769072,13,0.912775687822426,3.8324
"321",7.5,0.066001896,105000,"7.5","0.066001896","105000",15.75,0.415124938769072,13,0.905116019612413,3.7074
"322",7.5,0.066001896,137298.2,"7.5","0.066001896","137298.2",20.59473,0.415124938769072,13,0.902102113582774,3.6574
"323",7.5,0.066001896,159848.28,"7.5","0.066001896","159848.28",23.977242,0.415124938769072,13,1.15645506089277,5.3129
"324",7.5,0.066001896,178586.68,"7.5","0.066001896","178586.68",26.788002,0.415124938769072,13,1.10237956419122,5.2837
"325",7.5,0.066001896,186807.95,"7.5","0.066001896","186807.95",28.0211925,0.415124938769072,13,1.0237663547923,5.1572
"326",7.5,0.076138081,50151.724,"7.5","0.076138081","50151.724",7.5227586,0.415124938769072,13,0.953115667419229,3.9518
"327",7.5,0.076138081,105000,"7.5","0.076138081","105000",15.75,0.415124938769072,13,0.921373476343208,3.443
"328",7.5,0.076138081,159848.28,"7.5","0.076138081","159848.28",23.977242,0.415124938769072,13,1.03062543564726,4.8977
"329",7.5,0.1,14834.748,"7.5","0.1","14834.748",2.2252122,0.415124938769072,13,1.02840397315832,4.2191
"330",7.5,0.1,16415.396,"7.5","0.1","16415.396",2.4623094,0.415124938769072,13,1.01884609681538,4.03
"331",7.5,0.1,18912.915,"7.5","0.1","18912.915",2.83693725,0.415124938769072,13,1.00614518667626,3.8072
"332",7.5,0.1,23192.05,"7.5","0.1","23192.05",3.4788075,0.415124938769072,13,0.98344421068892,3.4834
"333",7.5,0.1,31413.316,"7.5","0.1","31413.316",4.7119974,0.415124938769072,13,0.967578261439669,3.1836
"334",7.5,0.1,34554.537,"7.5","0.1","34554.537",5.18318055,0.415124938769072,13,1.29761969672899,3.8406
"335",7.5,0.1,42185.108,"7.5","0.1","42185.108",6.3277662,0.415124938769072,13,1.27497644223157,4.0183
"336",7.5,0.1,50151.724,"7.5","0.1","50151.724",7.5227586,0.415124938769072,13,1.24256023405631,4.1953
"337",7.5,0.1,53845.416,"7.5","0.1","53845.416",8.0768124,0.415124938769072,13,0.962062606165443,3.0864
"338",7.5,0.1,66444.711,"7.5","0.1","66444.711",9.96670665,0.415124938769072,13,0.958847413417508,3.0273
"339",7.5,0.1,72701.801,"7.5","0.1","72701.801",10.90527015,0.415124938769072,13,0.952792660276096,2.9174
"340",7.5,0.1,82331.177,"7.5","0.1","82331.177",12.34967655,0.415124938769072,13,0.951123554622772,2.8875
"341",7.5,0.1,105000,"7.5","0.1","105000",15.75,0.415124938769072,13,0.947739212648184,2.8169
"342",7.5,0.1,127668.82,"7.5","0.1","127668.82",19.150323,0.415124938769072,13,0.944686387409262,2.7947
"343",7.5,0.1,137298.2,"7.5","0.1","137298.2",20.59473,0.415124938769072,13,0.943506411787523,2.7726
"344",7.5,0.1,143555.29,"7.5","0.1","143555.29",21.5332935,0.415124938769072,13,0.940518671335595,2.7175
"345",7.5,0.1,156154.58,"7.5","0.1","156154.58",23.423187,0.415124938769072,13,0.939035952295097,2.6903
"346",7.5,0.1,159848.28,"7.5","0.1","159848.28",23.977242,0.415124938769072,13,0.938178539054455,2.659
"347",7.5,0.1,167814.89,"7.5","0.1","167814.89",25.1722335,0.415124938769072,13,0.937677212749972,2.6395
"348",7.5,0.1,175445.46,"7.5","0.1","175445.46",26.316819,0.415124938769072,13,1.19134297098428,4.8256
"349",7.5,0.1,178586.68,"7.5","0.1","178586.68",26.788002,0.415124938769072,13,1.13578023564713,5.1491
"350",7.5,0.1,186807.95,"7.5","0.1","186807.95",28.0211925,0.415124938769072,13,1.1192451372274,5.0922
"351",7.5,0.1,191087.09,"7.5","0.1","191087.09",28.6630635,0.415124938769072,13,1.08871840388417,4.841
"352",7.5,0.1,193584.6,"7.5","0.1","193584.6",29.03769,0.415124938769072,13,1.06380322836375,4.6674
"353",7.5,0.1,195165.25,"7.5","0.1","195165.25",29.2747875,0.415124938769072,13,1.05430581980518,4.5753
"354",7.5,0.12386192,50151.724,"7.5","0.12386192","50151.724",7.5227586,0.415124938769072,13,1.0375374376003,4.4128
"355",7.5,0.12386192,105000,"7.5","0.12386192","105000",15.75,0.415124938769072,13,1.00099224804276,3.5468
"356",7.5,0.12386192,159848.28,"7.5","0.12386192","159848.28",23.977242,0.415124938769072,13,1.13357795270838,4.7166
"357",7.5,0.1339981,23192.05,"7.5","0.1339981","23192.05",3.4788075,0.415124938769072,13,1.11234934456155,4.713
"358",7.5,0.1339981,31413.316,"7.5","0.1339981","31413.316",4.7119974,0.415124938769072,13,1.06812199941725,5.2704
"359",7.5,0.1339981,50151.724,"7.5","0.1339981","50151.724",7.5227586,0.415124938769072,13,1.04356393143665,4.5354
"360",7.5,0.1339981,72701.801,"7.5","0.1339981","72701.801",10.90527015,0.415124938769072,13,1.03075527559114,4.2514
"361",7.5,0.1339981,105000,"7.5","0.1339981","105000",15.75,0.415124938769072,13,1.0221238327384,4.0766
"362",7.5,0.1339981,137298.2,"7.5","0.1339981","137298.2",20.59473,0.415124938769072,13,1.01851927386484,3.9904
"363",7.5,0.1339981,159848.28,"7.5","0.1339981","159848.28",23.977242,0.415124938769072,13,1.42618990558579,1.462
"364",7.5,0.1339981,178586.68,"7.5","0.1339981","178586.68",26.788002,0.415124938769072,13,1.32519670766503,3.0734
"365",7.5,0.1339981,186807.95,"7.5","0.1339981","186807.95",28.0211925,0.415124938769072,13,1.16674713374848,4.7345
"366",7.5,0.14058452,105000,"7.5","0.14058452","105000",15.75,0.415124938769072,13,1.09000026815934,4.9307
"367",7.5,0.15384693,31413.316,"7.5","0.15384693","31413.316",4.7119974,0.415124938769072,13,1.13408835073018,4.3276
"368",7.5,0.15384693,50151.724,"7.5","0.15384693","50151.724",7.5227586,0.415124938769072,13,1.09523803772399,4.746
"369",7.5,0.15384693,105000,"7.5","0.15384693","105000",15.75,0.415124938769072,13,1.08630695900918,4.7123
"370",7.5,0.15384693,159848.28,"7.5","0.15384693","159848.28",23.977242,0.415124938769072,13,1.42871754503581,2.2767
"371",7.5,0.15384693,178586.68,"7.5","0.15384693","178586.68",26.788002,0.415124938769072,13,1.25728427210031,2.6588
"372",7.5,0.15773503,16415.396,"7.5","0.15773503","16415.396",2.4623094,0.415124938769072,13,1.2009493117273,3.2192
"373",7.5,0.15773503,18912.915,"7.5","0.15773503","18912.915",2.83693725,0.415124938769072,13,1.18037918003565,3.5083
"374",7.5,0.15773503,23192.05,"7.5","0.15773503","23192.05",3.4788075,0.415124938769072,13,1.14738601429692,4.0611
"375",7.5,0.15773503,31413.316,"7.5","0.15773503","31413.316",4.7119974,0.415124938769072,13,1.12780349343295,4.3643
"376",7.5,0.15773503,42185.108,"7.5","0.15773503","42185.108",6.3277662,0.415124938769072,13,1.89944982293023,1.2844
"377",7.5,0.15773503,50151.724,"7.5","0.15773503","50151.724",7.5227586,0.415124938769072,13,1.77614556607035,1.5267
"378",7.5,0.15773503,53845.416,"7.5","0.15773503","53845.416",8.0768124,0.415124938769072,13,1.12054801411823,4.5085
"379",7.5,0.15773503,72701.801,"7.5","0.15773503","72701.801",10.90527015,0.415124938769072,13,1.1098987780547,4.6166
"380",7.5,0.15773503,82331.177,"7.5","0.15773503","82331.177",12.34967655,0.415124938769072,13,1.1079033556966,4.6368
"381",7.5,0.15773503,105000,"7.5","0.15773503","105000",15.75,0.415124938769072,13,1.10386017245354,4.6706
"382",7.5,0.15773503,127668.82,"7.5","0.15773503","127668.82",19.150323,0.415124938769072,13,1.09905284531592,4.6682
"383",7.5,0.15773503,137298.2,"7.5","0.15773503","137298.2",20.59473,0.415124938769072,13,1.0955559536263,4.6687
"384",7.5,0.15773503,156154.58,"7.5","0.15773503","156154.58",23.423187,0.415124938769072,13,1.09379936278767,4.6583
"385",7.5,0.15773503,159848.28,"7.5","0.15773503","159848.28",23.977242,0.415124938769072,13,1.09277436847664,4.6528
"386",7.5,0.15773503,167814.89,"7.5","0.15773503","167814.89",25.1722335,0.415124938769072,13,1.59734838269774,1.8189
"387",7.5,0.15773503,178586.68,"7.5","0.15773503","178586.68",26.788002,0.415124938769072,13,1.45437222297985,2.0324
"388",7.5,0.15773503,186807.95,"7.5","0.15773503","186807.95",28.0211925,0.415124938769072,13,1.33133547184719,2.2035
"389",7.5,0.15773503,191087.09,"7.5","0.15773503","191087.09",28.6630635,0.415124938769072,13,1.27918843590899,2.3506
"390",7.5,0.15773503,193584.6,"7.5","0.15773503","193584.6",29.03769,0.415124938769072,13,1.26402697113876,2.4497
"391",7.5,0.16612094,50151.724,"7.5","0.16612094","50151.724",7.5227586,0.415124938769072,13,1.17992779549912,3.488
"392",7.5,0.16612094,105000,"7.5","0.16612094","105000",15.75,0.415124938769072,13,1.136789043606,4.2852
"393",7.5,0.16612094,159848.28,"7.5","0.16612094","159848.28",23.977242,0.415124938769072,13,1.33365313494727,1.7958
"394",7.5,0.17415312,105000,"7.5","0.17415312","105000",15.75,0.415124938769072,13,1.21495984265217,2.7986
"395",7.5,0.17745967,18912.915,"7.5","0.17745967","18912.915",2.83693725,0.415124938769072,13,1.30930359646956,1.7921
"396",7.5,0.17745967,23192.05,"7.5","0.17745967","23192.05",3.4788075,0.415124938769072,13,1.23328466060642,2.5472
"397",7.5,0.17745967,31413.316,"7.5","0.17745967","31413.316",4.7119974,0.415124938769072,13,1.95311652364335,1.1019
"398",7.5,0.17745967,50151.724,"7.5","0.17745967","50151.724",7.5227586,0.415124938769072,13,1.19406114301416,3.2478
"399",7.5,0.17745967,53845.416,"7.5","0.17745967","53845.416",8.0768124,0.415124938769072,13,1.180959061366,3.4817
"400",7.5,0.17745967,72701.801,"7.5","0.17745967","72701.801",10.90527015,0.415124938769072,13,1.17847615351277,3.5344
"401",7.5,0.17745967,105000,"7.5","0.17745967","105000",15.75,0.415124938769072,13,1.16853675530744,3.7199
"402",7.5,0.17745967,137298.2,"7.5","0.17745967","137298.2",20.59473,0.415124938769072,13,1.16475040244062,3.7861
"403",7.5,0.17745967,156154.58,"7.5","0.17745967","156154.58",23.423187,0.415124938769072,13,1.1628307922147,3.8247
"404",7.5,0.17745967,159848.28,"7.5","0.17745967","159848.28",23.977242,0.415124938769072,13,1.77923933623508,0.7766
"405",7.5,0.17745967,178586.68,"7.5","0.17745967","178586.68",26.788002,0.415124938769072,13,1.6244231890174,0.8216
"406",7.5,0.17745967,186807.95,"7.5","0.17745967","186807.95",28.0211925,0.415124938769072,13,1.42063575776726,1.2163
"407",7.5,0.17745967,191087.09,"7.5","0.17745967","191087.09",28.6630635,0.415124938769072,13,1.39837328312945,1.3346
"408",7.5,0.18611363,23192.05,"7.5","0.18611363","23192.05",3.4788075,0.415124938769072,13,1.37343429221032,1.3822
"409",7.5,0.18611363,31413.316,"7.5","0.18611363","31413.316",4.7119974,0.415124938769072,13,1.2874091677026,1.9187
"410",7.5,0.18611363,50151.724,"7.5","0.18611363","50151.724",7.5227586,0.415124938769072,13,1.241566315243,2.5343
"411",7.5,0.18611363,72701.801,"7.5","0.18611363","72701.801",10.90527015,0.415124938769072,13,1.22010854923589,3.0183
"412",7.5,0.18611363,105000,"7.5","0.18611363","105000",15.75,0.415124938769072,13,1.20783589692147,3.3065
"413",7.5,0.18611363,137298.2,"7.5","0.18611363","137298.2",20.59473,0.415124938769072,13,1.20367062236536,3.3996
"414",7.5,0.18611363,159848.28,"7.5","0.18611363","159848.28",23.977242,0.415124938769072,13,1.85764506295227,-0.1116
"415",7.5,0.18611363,178586.68,"7.5","0.18611363","178586.68",26.788002,0.415124938769072,13,1.69274466288684,0.1167
"416",7.5,0.18611363,186807.95,"7.5","0.18611363","186807.95",28.0211925,0.415124938769072,13,1.50528279148682,0.7149
"417",7.5,0.19061798,31413.316,"7.5","0.19061798","31413.316",4.7119974,0.415124938769072,13,1.31781538987833,1.5379
"418",7.5,0.19061798,50151.724,"7.5","0.19061798","50151.724",7.5227586,0.415124938769072,13,1.24518156731648,2.6244
"419",7.5,0.19061798,105000,"7.5","0.19061798","105000",15.75,0.415124938769072,13,1.23159512109833,2.9303
"420",7.5,0.19061798,159848.28,"7.5","0.19061798","159848.28",23.977242,0.415124938769072,13,1.77180987647727,0.2116
"421",7.5,0.19061798,178586.68,"7.5","0.19061798","178586.68",26.788002,0.415124938769072,13,1.54794448812922,0.5141
"422",7.5,0.19324695,50151.724,"7.5","0.19324695","50151.724",7.5227586,0.415124938769072,13,1.33695500212478,1.3804
"423",7.5,0.19324695,105000,"7.5","0.19324695","105000",15.75,0.415124938769072,13,1.26106835114544,2.4193
"424",7.5,0.19324695,159848.28,"7.5","0.19324695","159848.28",23.977242,0.415124938769072,13,1.57673569276128,0.3703
"425",7.5,0.19491079,105000,"7.5","0.19491079","105000",15.75,0.415124938769072,13,1.34940916598145,1.291
"426",8.5737863,0.042264973,105000,"8.5737863","0.042264973","105000",15.75,0.474559001707547,14,0.859179132940593,3.8545
"427",8.5737863,0.1,50151.724,"8.5737863","0.1","50151.724",7.5227586,0.474559001707547,14,0.877619657830093,3.3937
"428",8.5737863,0.1,105000,"8.5737863","0.1","105000",15.75,0.474559001707547,14,0.847497594199047,2.8162
"429",8.5737863,0.1,159848.28,"8.5737863","0.1","159848.28",23.977242,0.474559001707547,14,0.953106605776294,4.419
"430",8.5737863,0.15773503,105000,"8.5737863","0.15773503","105000",15.75,0.474559001707547,14,1.01944031526149,3.6183
"431",9.0299147,0.013886369,105000,"9.0299147","0.013886369","105000",15.75,0.499805704923659,15,1.37909405094123,1.6713
"432",9.0299147,0.022540333,50151.724,"9.0299147","0.022540333","50151.724",7.5227586,0.499805704923659,15,1.04435217305893,1.7125
"433",9.0299147,0.022540333,105000,"9.0299147","0.022540333","105000",15.75,0.499805704923659,15,0.985288798502056,1.5796
"434",9.0299147,0.022540333,159848.28,"9.0299147","0.022540333","159848.28",23.977242,0.499805704923659,15,1.18697085599348,2.0736
"435",9.0299147,0.042264973,31413.316,"9.0299147","0.042264973","31413.316",4.7119974,0.499805704923659,15,0.828516257420224,3.7634
"436",9.0299147,0.042264973,50151.724,"9.0299147","0.042264973","50151.724",7.5227586,0.499805704923659,15,0.792214012512419,3.5487
"437",9.0299147,0.042264973,105000,"9.0299147","0.042264973","105000",15.75,0.499805704923659,15,0.784002147498323,3.465
"438",9.0299147,0.042264973,159848.28,"9.0299147","0.042264973","159848.28",23.977242,0.499805704923659,15,1.00965166248057,4.2668
"439",9.0299147,0.042264973,178586.68,"9.0299147","0.042264973","178586.68",26.788002,0.499805704923659,15,0.919514834791098,4.1391
"440",9.0299147,0.066001896,105000,"9.0299147","0.066001896","105000",15.75,0.499805704923659,15,0.814458038972459,4.3637
"441",9.0299147,0.1,23192.05,"9.0299147","0.1","23192.05",3.4788075,0.499805704923659,15,0.873818753091097,3.8713
"442",9.0299147,0.1,31413.316,"9.0299147","0.1","31413.316",4.7119974,0.499805704923659,15,0.841495074722524,3.3933
"443",9.0299147,0.1,50151.724,"9.0299147","0.1","50151.724",7.5227586,0.499805704923659,15,0.822142020948353,2.952
"444",9.0299147,0.1,72701.801,"9.0299147","0.1","72701.801",10.90527015,0.499805704923659,15,0.812192331857466,2.7708
"445",9.0299147,0.1,105000,"9.0299147","0.1","105000",15.75,0.499805704923659,15,0.805299467477799,2.6486
"446",9.0299147,0.1,137298.2,"9.0299147","0.1","137298.2",20.59473,0.499805704923659,15,0.802584593863029,2.5983
"447",9.0299147,0.1,159848.28,"9.0299147","0.1","159848.28",23.977242,0.499805704923659,15,1.03925362157342,4.2321
"448",9.0299147,0.1,178586.68,"9.0299147","0.1","178586.68",26.788002,0.499805704923659,15,0.983919635708958,4.6375
"449",9.0299147,0.1,186807.95,"9.0299147","0.1","186807.95",28.0211925,0.499805704923659,15,0.915460050697932,4.3589
"450",9.0299147,0.1339981,105000,"9.0299147","0.1339981","105000",15.75,0.499805704923659,15,0.906603039203234,4.2108
"451",9.0299147,0.15773503,31413.316,"9.0299147","0.15773503","31413.316",4.7119974,0.499805704923659,15,0.976197611847074,3.5038
"452",9.0299147,0.15773503,50151.724,"9.0299147","0.15773503","50151.724",7.5227586,0.499805704923659,15,0.935357121655341,4.14
"453",9.0299147,0.15773503,105000,"9.0299147","0.15773503","105000",15.75,0.499805704923659,15,0.926578050577391,4.1377
"454",9.0299147,0.15773503,159848.28,"9.0299147","0.15773503","159848.28",23.977242,0.499805704923659,15,1.28623988481923,1.1426
"455",9.0299147,0.15773503,178586.68,"9.0299147","0.15773503","178586.68",26.788002,0.499805704923659,15,1.11192431088746,1.6373
"456",9.0299147,0.17745967,50151.724,"9.0299147","0.17745967","50151.724",7.5227586,0.499805704923659,15,1.058213548586,1.7792
"457",9.0299147,0.17745967,105000,"9.0299147","0.17745967","105000",15.75,0.499805704923659,15,1.00127541203047,2.811
"458",9.0299147,0.17745967,159848.28,"9.0299147","0.17745967","159848.28",23.977242,0.499805704923659,15,1.24837759904019,0.4747
"459",9.0299147,0.18611363,105000,"9.0299147","0.18611363","105000",15.75,0.499805704923659,15,1.1100062902186,1.1057
"460",9.3263032,0.1,105000,"9.3263032","0.1","105000",15.75,0.516210805978906,16,0.820056432307093,3.3893
"461",9.9231119,0.022540333,105000,"9.9231119","0.022540333","105000",15.75,0.549244162651486,17,1.00007186740714,1.557
"462",9.9231119,0.042264973,50151.724,"9.9231119","0.042264973","50151.724",7.5227586,0.549244162651486,17,0.776145674068483,3.6135
"463",9.9231119,0.042264973,105000,"9.9231119","0.042264973","105000",15.75,0.549244162651486,17,0.740787722971868,3.4
"464",9.9231119,0.042264973,159848.28,"9.9231119","0.042264973","159848.28",23.977242,0.549244162651486,17,0.865378474605594,3.9582
"465",9.9231119,0.1,31413.316,"9.9231119","0.1","31413.316",4.7119974,0.549244162651486,17,0.779992817915059,3.3777
"466",9.9231119,0.1,50151.724,"9.9231119","0.1","50151.724",7.5227586,0.549244162651486,17,0.752174741922824,2.6936
"467",9.9231119,0.1,105000,"9.9231119","0.1","105000",15.75,0.549244162651486,17,0.745561918400038,2.6017
"468",9.9231119,0.1,159848.28,"9.9231119","0.1","159848.28",23.977242,0.549244162651486,17,0.944184633757119,2.9087
"469",9.9231119,0.1,178586.68,"9.9231119","0.1","178586.68",26.788002,0.549244162651486,17,0.858923413734916,2.8321
"470",9.9231119,0.15773503,50151.724,"9.9231119","0.15773503","50151.724",7.5227586,0.549244162651486,17,0.902821607708892,3.2543
"471",9.9231119,0.15773503,105000,"9.9231119","0.15773503","105000",15.75,0.549244162651486,17,0.862276585935967,3.9389
"472",9.9231119,0.15773503,159848.28,"9.9231119","0.15773503","159848.28",23.977242,0.549244162651486,17,1.0397830874089,1.2377
"473",9.9231119,0.17745967,105000,"9.9231119","0.17745967","105000",15.75,0.549244162651486,17,0.983123740437136,1.4633
"474",10.098076,0.0067530486,105000,"10.098076","0.0067530486","105000",15.75,0.558928424158058,18,1.66017551872803,2.6909
"475",10.098076,0.0093820154,50151.724,"10.098076","0.0093820154","50151.724",7.5227586,0.558928424158058,18,1.53663279574427,2.4707
"476",10.098076,0.0093820154,105000,"10.098076","0.0093820154","105000",15.75,0.558928424158058,18,1.47611057122279,4.0299
"477",10.098076,0.0093820154,159848.28,"10.098076","0.0093820154","159848.28",23.977242,0.558928424158058,18,1.65274531822871,3.1024
"478",10.098076,0.013886369,31413.316,"10.098076","0.013886369","31413.316",4.7119974,0.558928424158058,18,1.33282423620595,1.5156
"479",10.098076,0.013886369,50151.724,"10.098076","0.013886369","50151.724",7.5227586,0.558928424158058,18,1.26386494518179,1.2775
"480",10.098076,0.013886369,105000,"10.098076","0.013886369","105000",15.75,0.558928424158058,18,1.2455604264317,1.2179
"481",10.098076,0.013886369,159848.28,"10.098076","0.013886369","159848.28",23.977242,0.558928424158058,18,1.55454956392542,3.156
"482",10.098076,0.013886369,178586.68,"10.098076","0.013886369","178586.68",26.788002,0.558928424158058,18,1.46171881249152,2.5595
"483",10.098076,0.022540333,23192.05,"10.098076","0.022540333","23192.05",3.4788075,0.558928424158058,18,1.05830351420021,1.6342
"484",10.098076,0.022540333,31413.316,"10.098076","0.022540333","31413.316",4.7119974,0.558928424158058,18,0.992335348750379,1.5283
"485",10.098076,0.022540333,50151.724,"10.098076","0.022540333","50151.724",7.5227586,0.558928424158058,18,0.955058475625861,1.4371
"486",10.098076,0.022540333,72701.801,"10.098076","0.022540333","72701.801",10.90527015,0.558928424158058,18,0.934384024569551,1.3974
"487",10.098076,0.022540333,105000,"10.098076","0.022540333","105000",15.75,0.558928424158058,18,0.91917438041371,1.3872
"488",10.098076,0.022540333,137298.2,"10.098076","0.022540333","137298.2",20.59473,0.558928424158058,18,0.912801548015498,1.3902
"489",10.098076,0.022540333,159848.28,"10.098076","0.022540333","159848.28",23.977242,0.558928424158058,18,1.35772011937956,2.2381
"490",10.098076,0.022540333,178586.68,"10.098076","0.022540333","178586.68",26.788002,0.558928424158058,18,1.26653241555721,2.0815
"491",10.098076,0.022540333,186807.95,"10.098076","0.022540333","186807.95",28.0211925,0.558928424158058,18,1.1335049020218,1.861
"492",10.098076,0.033879061,105000,"10.098076","0.033879061","105000",15.75,0.558928424158058,18,0.809143084693624,2.7601
"493",10.098076,0.042264973,18912.915,"10.098076","0.042264973","18912.915",2.83693725,0.558928424158058,18,0.80579539670513,3.7623
"494",10.098076,0.042264973,23192.05,"10.098076","0.042264973","23192.05",3.4788075,0.558928424158058,18,0.766628103182839,3.5795
"495",10.098076,0.042264973,31413.316,"10.098076","0.042264973","31413.316",4.7119974,0.558928424158058,18,1.06444048958393,4.0738
"496",10.098076,0.042264973,53845.416,"10.098076","0.042264973","53845.416",8.0768124,0.558928424158058,18,0.743123533194397,3.4574
"497",10.098076,0.042264973,72701.801,"10.098076","0.042264973","72701.801",10.90527015,0.558928424158058,18,0.733209212282109,3.3792
"498",10.098076,0.042264973,105000,"10.098076","0.042264973","105000",15.75,0.558928424158058,18,0.723609181814259,3.288
"499",10.098076,0.042264973,137298.2,"10.098076","0.042264973","137298.2",20.59473,0.558928424158058,18,0.720402838505805,3.2677
"500",10.098076,0.042264973,156154.58,"10.098076","0.042264973","156154.58",23.423187,0.558928424158058,18,0.718787200658716,3.2574
"501",10.098076,0.042264973,178586.68,"10.098076","0.042264973","178586.68",26.788002,0.558928424158058,18,1.00597688671494,4.0602
"502",10.098076,0.042264973,186807.95,"10.098076","0.042264973","186807.95",28.0211925,0.558928424158058,18,0.94437312690964,4.0291
"503",10.098076,0.042264973,191087.09,"10.098076","0.042264973","191087.09",28.6630635,0.558928424158058,18,0.845741431318589,3.8905
"504",10.098076,0.046153069,50151.724,"10.098076","0.046153069","50151.724",7.5227586,0.558928424158058,18,0.757354035116334,4.0609
"505",10.098076,0.046153069,105000,"10.098076","0.046153069","105000",15.75,0.558928424158058,18,0.723681179180029,3.8663
"506",10.098076,0.046153069,159848.28,"10.098076","0.046153069","159848.28",23.977242,0.558928424158058,18,0.841852813436815,4.4633
"507",10.098076,0.066001896,31413.316,"10.098076","0.066001896","31413.316",4.7119974,0.558928424158058,18,0.746901561826737,4.4131
"508",10.098076,0.066001896,50151.724,"10.098076","0.066001896","50151.724",7.5227586,0.558928424158058,18,0.718696802565187,4.0455
"509",10.098076,0.066001896,105000,"10.098076","0.066001896","105000",15.75,0.558928424158058,18,0.712118502740218,3.9475
"510",10.098076,0.066001896,159848.28,"10.098076","0.066001896","159848.28",23.977242,0.558928424158058,18,0.883811671374448,4.9971
"511",10.098076,0.066001896,178586.68,"10.098076","0.066001896","178586.68",26.788002,0.558928424158058,18,0.817090553377582,4.9583
"512",10.098076,0.076138081,105000,"10.098076","0.076138081","105000",15.75,0.558928424158058,18,0.750784293568128,4.0644
"513",10.098076,0.1,16415.396,"10.098076","0.1","16415.396",2.4623094,0.558928424158058,18,0.800754632555044,3.9067
"514",10.098076,0.1,18912.915,"10.098076","0.1","18912.915",2.83693725,0.558928424158058,18,0.788982306326494,3.7411
"515",10.098076,0.1,23192.05,"10.098076","0.1","23192.05",3.4788075,0.558928424158058,18,0.768538005772792,3.4599
"516",10.098076,0.1,31413.316,"10.098076","0.1","31413.316",4.7119974,0.558928424158058,18,0.755580758248603,2.8522
"517",10.098076,0.1,42185.108,"10.098076","0.1","42185.108",6.3277662,0.558928424158058,18,1.04524962388156,3.1195
"518",10.098076,0.1,50151.724,"10.098076","0.1","50151.724",7.5227586,0.558928424158058,18,1.01162667802096,3.4076
"519",10.098076,0.1,53845.416,"10.098076","0.1","53845.416",8.0768124,0.558928424158058,18,0.750722777826214,2.7478
"520",10.098076,0.1,72701.801,"10.098076","0.1","72701.801",10.90527015,0.558928424158058,18,0.742658527420368,2.631
"521",10.098076,0.1,82331.177,"10.098076","0.1","82331.177",12.34967655,0.558928424158058,18,0.741203861257627,2.6103
"522",10.098076,0.1,105000,"10.098076","0.1","105000",15.75,0.558928424158058,18,0.738215931043384,2.5727
"523",10.098076,0.1,127668.82,"10.098076","0.1","127668.82",19.150323,0.558928424158058,18,0.734592111600452,2.5295
"524",10.098076,0.1,137298.2,"10.098076","0.1","137298.2",20.59473,0.558928424158058,18,0.731994824439569,2.4974
"525",10.098076,0.1,156154.58,"10.098076","0.1","156154.58",23.423187,0.558928424158058,18,0.73070863353067,2.481
"526",10.098076,0.1,159848.28,"10.098076","0.1","159848.28",23.977242,0.558928424158058,18,0.729955063384494,2.4714
"527",10.098076,0.1,167814.89,"10.098076","0.1","167814.89",25.1722335,0.558928424158058,18,0.961283852034604,3.9128
"528",10.098076,0.1,178586.68,"10.098076","0.1","178586.68",26.788002,0.558928424158058,18,0.907168675383841,4.3205
"529",10.098076,0.1,186807.95,"10.098076","0.1","186807.95",28.0211925,0.558928424158058,18,0.862227871616946,4.2541
"530",10.098076,0.1,191087.09,"10.098076","0.1","191087.09",28.6630635,0.558928424158058,18,0.838885793174048,4.2066
"531",10.098076,0.1,193584.6,"10.098076","0.1","193584.6",29.03769,0.558928424158058,18,0.830673497731537,4.2004
"532",10.098076,0.12386192,105000,"10.098076","0.12386192","105000",15.75,0.558928424158058,18,0.801486958203048,3.6874
"533",10.098076,0.1339981,31413.316,"10.098076","0.1339981","31413.316",4.7119974,0.558928424158058,18,0.823780605636181,4.0267
"534",10.098076,0.1339981,50151.724,"10.098076","0.1339981","50151.724",7.5227586,0.558928424158058,18,0.790200013133855,3.4734
"535",10.098076,0.1339981,105000,"10.098076","0.1339981","105000",15.75,0.558928424158058,18,0.782766058982943,3.2962
"536",10.098076,0.1339981,159848.28,"10.098076","0.1339981","159848.28",23.977242,0.558928424158058,18,1.01484040565388,2.4097
"537",10.098076,0.1339981,178586.68,"10.098076","0.1339981","178586.68",26.788002,0.558928424158058,18,0.91991906166813,3.4297
"538",10.098076,0.15384693,50151.724,"10.098076","0.15384693","50151.724",7.5227586,0.558928424158058,18,0.877603913728319,3.5148
"539",10.098076,0.15384693,105000,"10.098076","0.15384693","105000",15.75,0.558928424158058,18,0.837642154285123,4.0261
"540",10.098076,0.15384693,159848.28,"10.098076","0.15384693","159848.28",23.977242,0.558928424158058,18,1.00659345484466,1.5945
"541",10.098076,0.15773503,18912.915,"10.098076","0.15773503","18912.915",2.83693725,0.558928424158058,18,0.945883624032866,2.1759
"542",10.098076,0.15773503,23192.05,"10.098076","0.15773503","23192.05",3.4788075,0.558928424158058,18,0.889532909121238,3.2826
"543",10.098076,0.15773503,31413.316,"10.098076","0.15773503","31413.316",4.7119974,0.558928424158058,18,1.52256909571528,0.3926
"544",10.098076,0.15773503,53845.416,"10.098076","0.15773503","53845.416",8.0768124,0.558928424158058,18,0.861070133856434,3.7868
"545",10.098076,0.15773503,72701.801,"10.098076","0.15773503","72701.801",10.90527015,0.558928424158058,18,0.850125115522416,3.8884
"546",10.098076,0.15773503,105000,"10.098076","0.15773503","105000",15.75,0.558928424158058,18,0.839449064679284,3.9044
"547",10.098076,0.15773503,137298.2,"10.098076","0.15773503","137298.2",20.59473,0.558928424158058,18,0.83612729424365,3.8837
"548",10.098076,0.15773503,156154.58,"10.098076","0.15773503","156154.58",23.423187,0.558928424158058,18,0.834477993483195,3.8739
"549",10.098076,0.15773503,178586.68,"10.098076","0.15773503","178586.68",26.788002,0.558928424158058,18,1.34397744416544,0.6871
"550",10.098076,0.15773503,186807.95,"10.098076","0.15773503","186807.95",28.0211925,0.558928424158058,18,1.20139080835183,0.9353
"551",10.098076,0.15773503,191087.09,"10.098076","0.15773503","191087.09",28.6630635,0.558928424158058,18,1.01150249002882,1.369
"552",10.098076,0.16612094,105000,"10.098076","0.16612094","105000",15.75,0.558928424158058,18,0.919460619896638,2.4435
"553",10.098076,0.17745967,23192.05,"10.098076","0.17745967","23192.05",3.4788075,0.558928424158058,18,1.04790591248718,0.678
"554",10.098076,0.17745967,31413.316,"10.098076","0.17745967","31413.316",4.7119974,0.558928424158058,18,0.969954766119828,1.3903
"555",10.098076,0.17745967,50151.724,"10.098076","0.17745967","50151.724",7.5227586,0.558928424158058,18,0.92875730172096,2.1333
"556",10.098076,0.17745967,72701.801,"10.098076","0.17745967","72701.801",10.90527015,0.558928424158058,18,0.912062577109134,2.4417
"557",10.098076,0.17745967,105000,"10.098076","0.17745967","105000",15.75,0.558928424158058,18,0.901204443061382,2.6693
"558",10.098076,0.17745967,137298.2,"10.098076","0.17745967","137298.2",20.59473,0.558928424158058,18,0.897075891009983,2.7536
"559",10.098076,0.17745967,159848.28,"10.098076","0.17745967","159848.28",23.977242,0.558928424158058,18,1.52306121661862,-0.4625
"560",10.098076,0.17745967,178586.68,"10.098076","0.17745967","178586.68",26.788002,0.558928424158058,18,1.36812426757255,-0.3649
"561",10.098076,0.17745967,186807.95,"10.098076","0.17745967","186807.95",28.0211925,0.558928424158058,18,1.16176048830366,0.1117
"562",10.098076,0.18611363,31413.316,"10.098076","0.18611363","31413.316",4.7119974,0.558928424158058,18,1.02081492092685,0.7237
"563",10.098076,0.18611363,50151.724,"10.098076","0.18611363","50151.724",7.5227586,0.558928424158058,18,0.950957207053669,1.7646
"564",10.098076,0.18611363,105000,"10.098076","0.18611363","105000",15.75,0.558928424158058,18,0.93777315596919,2.067
"565",10.098076,0.18611363,159848.28,"10.098076","0.18611363","159848.28",23.977242,0.558928424158058,18,1.4614816468327,-0.8157
"566",10.098076,0.18611363,178586.68,"10.098076","0.18611363","178586.68",26.788002,0.558928424158058,18,1.24036035905884,-0.3996
"567",10.098076,0.19061798,50151.724,"10.098076","0.19061798","50151.724",7.5227586,0.558928424158058,18,1.05056203914564,0.4341
"568",10.098076,0.19061798,105000,"10.098076","0.19061798","105000",15.75,0.558928424158058,18,0.974747254802964,1.4063
"569",10.098076,0.19061798,159848.28,"10.098076","0.19061798","159848.28",23.977242,0.558928424158058,18,1.28633354373583,-0.6677
"570",10.098076,0.19324695,105000,"10.098076","0.19324695","105000",15.75,0.558928424158058,18,1.06867883145813,0.2952
"571",10.475442,0.042264973,105000,"10.475442","0.042264973","105000",15.75,0.579815629177195,19,0.74771841810883,3.5141
"572",10.475442,0.1,50151.724,"10.475442","0.1","50151.724",7.5227586,0.579815629177195,19,0.746138649872814,3.4783
"573",10.475442,0.1,105000,"10.475442","0.1","105000",15.75,0.579815629177195,19,0.719360202954795,2.6233
"574",10.475442,0.1,159848.28,"10.475442","0.1","159848.28",23.977242,0.579815629177195,19,0.815747333441356,4.1276
"575",10.475442,0.15773503,105000,"10.475442","0.15773503","105000",15.75,0.579815629177195,19,0.863057984689245,3.1532
"576",10.83689,0.1,105000,"10.83689","0.1","105000",15.75,0.599821773026289,20,0.726157829041715,3.5229
"577",10.985685,0.0093820154,105000,"10.985685","0.0093820154","105000",15.75,0.608057575061508,21,1.50423205763139,2.3818
"578",10.985685,0.013886369,50151.724,"10.985685","0.013886369","50151.724",7.5227586,0.608057575061508,21,1.30224945225217,1.4273
"579",10.985685,0.013886369,105000,"10.985685","0.013886369","105000",15.75,0.608057575061508,21,1.23263347454673,1.2173
"580",10.985685,0.013886369,159848.28,"10.985685","0.013886369","159848.28",23.977242,0.608057575061508,21,1.4280466826548,2.4491
"581",10.985685,0.022540333,31413.316,"10.985685","0.022540333","31413.316",4.7119974,0.608057575061508,21,0.957439494402477,1.4052
"582",10.985685,0.022540333,50151.724,"10.985685","0.022540333","50151.724",7.5227586,0.608057575061508,21,0.899809186585036,1.2813
"583",10.985685,0.022540333,105000,"10.985685","0.022540333","105000",15.75,0.608057575061508,21,0.884748636110862,1.2743
"584",10.985685,0.022540333,159848.28,"10.985685","0.022540333","159848.28",23.977242,0.608057575061508,21,1.23038086937555,1.9284
"585",10.985685,0.022540333,178586.68,"10.985685","0.022540333","178586.68",26.788002,0.608057575061508,21,1.0977726983216,1.7168
"586",10.985685,0.042264973,23192.05,"10.985685","0.042264973","23192.05",3.4788075,0.608057575061508,21,0.76341949625628,3.614
"587",10.985685,0.042264973,31413.316,"10.985685","0.042264973","31413.316",4.7119974,0.608057575061508,21,0.724814199110773,3.4429
"588",10.985685,0.042264973,50151.724,"10.985685","0.042264973","50151.724",7.5227586,0.608057575061508,21,0.701659711757348,3.3283
"589",10.985685,0.042264973,72701.801,"10.985685","0.042264973","72701.801",10.90527015,0.608057575061508,21,0.690173136938029,3.2436
"590",10.985685,0.042264973,105000,"10.985685","0.042264973","105000",15.75,0.608057575061508,21,0.682656090858623,3.1694
"591",10.985685,0.042264973,137298.2,"10.985685","0.042264973","137298.2",20.59473,0.608057575061508,21,0.679512079428396,3.1501
"592",10.985685,0.042264973,159848.28,"10.985685","0.042264973","159848.28",23.977242,0.608057575061508,21,0.961788835981814,3.8881
"593",10.985685,0.042264973,178586.68,"10.985685","0.042264973","178586.68",26.788002,0.608057575061508,21,0.900566945985954,3.8621
"594",10.985685,0.042264973,186807.95,"10.985685","0.042264973","186807.95",28.0211925,0.608057575061508,21,0.812633171194543,3.7635
"595",10.985685,0.046153069,105000,"10.985685","0.046153069","105000",15.75,0.608057575061508,21,0.714718284952241,3.9451
"596",10.985685,0.066001896,50151.724,"10.985685","0.066001896","50151.724",7.5227586,0.608057575061508,21,0.700892457225973,4.466
"597",10.985685,0.066001896,105000,"10.985685","0.066001896","105000",15.75,0.608057575061508,21,0.673505386009516,4.0882
"598",10.985685,0.066001896,159848.28,"10.985685","0.066001896","159848.28",23.977242,0.608057575061508,21,0.769708020195671,4.9072
"599",10.985685,0.1,18912.915,"10.985685","0.1","18912.915",2.83693725,0.608057575061508,21,0.748606829884853,3.9154
"600",10.985685,0.1,23192.05,"10.985685","0.1","23192.05",3.4788075,0.608057575061508,21,0.719156259969001,3.4605
"601",10.985685,0.1,31413.316,"10.985685","0.1","31413.316",4.7119974,0.608057575061508,21,0.967558512628054,2.9654
"602",10.985685,0.1,50151.724,"10.985685","0.1","50151.724",7.5227586,0.608057575061508,21,0.701642482978435,3.1033
"603",10.985685,0.1,53845.416,"10.985685","0.1","53845.416",8.0768124,0.608057575061508,21,0.694024051298394,2.9319
"604",10.985685,0.1,72701.801,"10.985685","0.1","72701.801",10.90527015,0.608057575061508,21,0.69267529258837,2.9011
"605",10.985685,0.1,105000,"10.985685","0.1","105000",15.75,0.608057575061508,21,0.686487802052507,2.7604
"606",10.985685,0.1,137298.2,"10.985685","0.1","137298.2",20.59473,0.608057575061508,21,0.684066577340984,2.7047
"607",10.985685,0.1,156154.58,"10.985685","0.1","156154.58",23.423187,0.608057575061508,21,0.682864685011069,2.6769
"608",10.985685,0.1,159848.28,"10.985685","0.1","159848.28",23.977242,0.608057575061508,21,0.911722605417913,3.6803
"609",10.985685,0.1,178586.68,"10.985685","0.1","178586.68",26.788002,0.608057575061508,21,0.852230904896927,4.5963
"610",10.985685,0.1,186807.95,"10.985685","0.1","186807.95",28.0211925,0.608057575061508,21,0.788048042104687,4.2825
"611",10.985685,0.1,191087.09,"10.985685","0.1","191087.09",28.6630635,0.608057575061508,21,0.77958228621872,4.2252
"612",10.985685,0.1339981,50151.724,"10.985685","0.1339981","50151.724",7.5227586,0.608057575061508,21,0.767866644773893,3.8919
"613",10.985685,0.1339981,105000,"10.985685","0.1339981","105000",15.75,0.608057575061508,21,0.735473812451954,3.3083
"614",10.985685,0.1339981,159848.28,"10.985685","0.1339981","159848.28",23.977242,0.608057575061508,21,0.862657753488525,3.2697
"615",10.985685,0.15384693,105000,"10.985685","0.15384693","105000",15.75,0.608057575061508,21,0.819522188153893,3.3009
"616",10.985685,0.15773503,23192.05,"10.985685","0.15773503","23192.05",3.4788075,0.608057575061508,21,0.888318782051607,1.9321
"617",10.985685,0.15773503,31413.316,"10.985685","0.15773503","31413.316",4.7119974,0.608057575061508,21,0.831222101468632,3.0332
"618",10.985685,0.15773503,50151.724,"10.985685","0.15773503","50151.724",7.5227586,0.608057575061508,21,0.802302695475282,3.6032
"619",10.985685,0.15773503,72701.801,"10.985685","0.15773503","72701.801",10.90527015,0.608057575061508,21,0.789302153636184,3.7196
"620",10.985685,0.15773503,105000,"10.985685","0.15773503","105000",15.75,0.608057575061508,21,0.780723239031301,3.7256
"621",10.985685,0.15773503,137298.2,"10.985685","0.15773503","137298.2",20.59473,0.608057575061508,21,0.777457881225538,3.7106
"622",10.985685,0.15773503,159848.28,"10.985685","0.15773503","159848.28",23.977242,0.608057575061508,21,1.2877277484619,0.4325
"623",10.985685,0.15773503,178586.68,"10.985685","0.15773503","178586.68",26.788002,0.608057575061508,21,1.14478902411923,0.6896
"624",10.985685,0.15773503,186807.95,"10.985685","0.15773503","186807.95",28.0211925,0.608057575061508,21,0.97025081218289,1.0291
"625",10.985685,0.17745967,31413.316,"10.985685","0.17745967","31413.316",4.7119974,0.608057575061508,21,0.910488684136996,1.1267
"626",10.985685,0.17745967,50151.724,"10.985685","0.17745967","50151.724",7.5227586,0.608057575061508,21,0.852013591398453,2.1808
"627",10.985685,0.17745967,105000,"10.985685","0.17745967","105000",15.75,0.608057575061508,21,0.840967912177875,2.4103
"628",10.985685,0.17745967,159848.28,"10.985685","0.17745967","159848.28",23.977242,0.608057575061508,21,1.31090180298629,-0.6547
"629",10.985685,0.17745967,178586.68,"10.985685","0.17745967","178586.68",26.788002,0.608057575061508,21,1.10363047862669,-0.1621
"630",10.985685,0.18611363,50151.724,"10.985685","0.18611363","50151.724",7.5227586,0.608057575061508,21,0.960681774515002,0.4659
"631",10.985685,0.18611363,105000,"10.985685","0.18611363","105000",15.75,0.608057575061508,21,0.890197569313793,1.4858
"632",10.985685,0.18611363,159848.28,"10.985685","0.18611363","159848.28",23.977242,0.608057575061508,21,1.18211062693002,-0.6674
"633",10.985685,0.19061798,105000,"10.985685","0.19061798","105000",15.75,0.608057575061508,21,0.990134062816485,0.1828
"634",11.375113,0.013886369,105000,"11.375113","0.013886369","105000",15.75,0.629612411682169,22,1.28910730861175,1.3504
"635",11.375113,0.022540333,50151.724,"11.375113","0.022540333","50151.724",7.5227586,0.629612411682169,22,0.942526193972417,1.3544
"636",11.375113,0.022540333,105000,"11.375113","0.022540333","105000",15.75,0.629612411682169,22,0.885303042562886,1.2313
"637",11.375113,0.022540333,159848.28,"11.375113","0.022540333","159848.28",23.977242,0.629612411682169,22,1.08234913505864,1.6597
"638",11.375113,0.042264973,31413.316,"11.375113","0.042264973","31413.316",4.7119974,0.629612411682169,22,0.707431794744853,3.3812
"639",11.375113,0.042264973,50151.724,"11.375113","0.042264973","50151.724",7.5227586,0.629612411682169,22,0.673168913479228,3.1831
"640",11.375113,0.042264973,105000,"11.375113","0.042264973","105000",15.75,0.629612411682169,22,0.665493952031122,3.1251
"641",11.375113,0.042264973,159848.28,"11.375113","0.042264973","159848.28",23.977242,0.629612411682169,22,0.882226795751383,3.7914
"642",11.375113,0.042264973,178586.68,"11.375113","0.042264973","178586.68",26.788002,0.629612411682169,22,0.794746893100476,3.6924
"643",11.375113,0.066001896,105000,"11.375113","0.066001896","105000",15.75,0.629612411682169,22,0.681777300831689,4.5012
"644",11.375113,0.1,23192.05,"11.375113","0.1","23192.05",3.4788075,0.629612411682169,22,0.727682945360188,3.9094
"645",11.375113,0.1,31413.316,"11.375113","0.1","31413.316",4.7119974,0.629612411682169,22,0.698649465466836,3.4771
"646",11.375113,0.1,50151.724,"11.375113","0.1","50151.724",7.5227586,0.629612411682169,22,0.681431595012609,3.1447
"647",11.375113,0.1,72701.801,"11.375113","0.1","72701.801",10.90527015,0.629612411682169,22,0.672650738758589,2.9468
"648",11.375113,0.1,105000,"11.375113","0.1","105000",15.75,0.629612411682169,22,0.66657321005266,2.8028
"649",11.375113,0.1,137298.2,"11.375113","0.1","137298.2",20.59473,0.629612411682169,22,0.664203603813652,2.746
"650",11.375113,0.1,159848.28,"11.375113","0.1","159848.28",23.977242,0.629612411682169,22,0.889475973208274,3.5549
"651",11.375113,0.1,178586.68,"11.375113","0.1","178586.68",26.788002,0.629612411682169,22,0.833099052239145,4.3325
"652",11.375113,0.1,186807.95,"11.375113","0.1","186807.95",28.0211925,0.629612411682169,22,0.766729093817064,4.2683
"653",11.375113,0.1339981,105000,"11.375113","0.1339981","105000",15.75,0.629612411682169,22,0.691596286534541,3.2
"654",11.375113,0.15773503,31413.316,"11.375113","0.15773503","31413.316",4.7119974,0.629612411682169,22,0.806803053734569,3.1013
"655",11.375113,0.15773503,50151.724,"11.375113","0.15773503","50151.724",7.5227586,0.629612411682169,22,0.765165751291521,3.6488
"656",11.375113,0.15773503,105000,"11.375113","0.15773503","105000",15.75,0.629612411682169,22,0.756635631895276,3.6577
"657",11.375113,0.15773503,159848.28,"11.375113","0.15773503","159848.28",23.977242,0.629612411682169,22,1.12069368237366,0.5963
"658",11.375113,0.15773503,178586.68,"11.375113","0.15773503","178586.68",26.788002,0.629612411682169,22,0.946485336855551,0.9441
"659",11.375113,0.17745967,50151.724,"11.375113","0.17745967","50151.724",7.5227586,0.629612411682169,22,0.885915282657388,1.0299
"660",11.375113,0.17745967,105000,"11.375113","0.17745967","105000",15.75,0.629612411682169,22,0.827426564203578,2.0869
"661",11.375113,0.17745967,159848.28,"11.375113","0.17745967","159848.28",23.977242,0.629612411682169,22,1.07923120505622,-0.2602
"662",11.375113,0.18611363,105000,"11.375113","0.18611363","105000",15.75,0.629612411682169,22,0.935698154991455,0.3688
"663",11.577809,0.022540333,105000,"11.577809","0.022540333","105000",15.75,0.640831633627334,23,0.936079658353098,1.3296
"664",11.577809,0.042264973,50151.724,"11.577809","0.042264973","50151.724",7.5227586,0.640831633627334,23,0.699613043317702,3.3557
"665",11.577809,0.042264973,105000,"11.577809","0.042264973","105000",15.75,0.640831633627334,23,0.665421291609617,3.1608
"666",11.577809,0.042264973,159848.28,"11.577809","0.042264973","159848.28",23.977242,0.640831633627334,23,0.786706587966296,3.6635
"667",11.577809,0.1,31413.316,"11.577809","0.1","31413.316",4.7119974,0.640831633627334,23,0.689360931750141,3.4808
"668",11.577809,0.1,50151.724,"11.577809","0.1","50151.724",7.5227586,0.640831633627334,23,0.663543217119511,2.967
"669",11.577809,0.1,105000,"11.577809","0.1","105000",15.75,0.640831633627334,23,0.657516080488195,2.8257
"670",11.577809,0.1,159848.28,"11.577809","0.1","159848.28",23.977242,0.640831633627334,23,0.823454820521175,4.3159
"671",11.577809,0.1,178586.68,"11.577809","0.1","178586.68",26.788002,0.640831633627334,23,0.757084639322058,4.3107
"672",11.577809,0.15773503,50151.724,"11.577809","0.15773503","50151.724",7.5227586,0.640831633627334,23,0.796306152022479,2.903
"673",11.577809,0.15773503,105000,"11.577809","0.15773503","105000",15.75,0.640831633627334,23,0.754178162037435,3.6146
"674",11.577809,0.15773503,159848.28,"11.577809","0.15773503","159848.28",23.977242,0.640831633627334,23,0.93588741265544,0.9028
"675",11.577809,0.17745967,105000,"11.577809","0.17745967","105000",15.75,0.640831633627334,23,0.874858921987174,0.9826
"676",11.696113,0.042264973,105000,"11.696113","0.042264973","105000",15.75,0.647379759061486,24,0.695694444010829,3.3434
"677",11.696113,0.1,50151.724,"11.696113","0.1","50151.724",7.5227586,0.647379759061486,24,0.684714702058328,3.4827
"678",11.696113,0.1,105000,"11.696113","0.1","105000",15.75,0.647379759061486,24,0.658987922922497,2.9742
"679",11.696113,0.1,159848.28,"11.696113","0.1","159848.28",23.977242,0.647379759061486,24,0.752257849903984,4.3052
"680",11.696113,0.15773503,105000,"11.696113","0.15773503","105000",15.75,0.647379759061486,24,0.790772765230731,2.91
"681",11.770986,0.1,105000,"11.770986","0.1","105000",15.75,0.651523979000213,25,0.680412156227471,3.4873
